id;categorie;article;unite;nom_odoo;url_image
32;Boutique;Boite Bleue;pkt;;
24;Boutique;Boite JAUNE;pkt;"P- Cc Boite JAUNE 23,5x11,5x12";
33;Boutique;boite kaki;pkt;;
25;Boutique;Boite kaki;pkt;P- Boite kaki 16X14X7cm;
26;Boutique;Boite Rose;pkt;P- Cc Boite Jaune Pale 20x20x12;
27;Boutique;Boite verte;pkt;"P- Cc Boite 27,9x27,9 verte";
19;Boutique;Bougies Blanches Grandes;pkt;[881] CD- Bougies (simple);
20;Boutique;Bougies Blanches Petites;pkt;[881] CD- Bougies (simple);
21;Boutique;Bougies Fines;pkt;CD- Bougies (Fine);
10;Boutique;Bouteille jus 1L;u;C- Bouteille jus 1L;
3;Boutique;Canette  Sprite;u;B- Sprite;
4;Boutique;Canette Coca Cola;u;B- Coca Cola;
5;Boutique;Canette Coca Zéro;u;B- Coca Zéro;
6;Boutique;Canette Schweps citron;u;B- Schweps citron;
47;Boutique;Celophane Emballage;Units;P- Celophane Emballage;
7;Boutique;Chocolat chaud Vergnano;kg;B- Chocolat chaud Vergnano;
36;Boutique;Citron;kg;F- Citron fruit;
11;Boutique;Couteau transparent;pkt;C- Couteau transparent;
8;Boutique;Créme  fouettée spray;u;;
44;Boutique;Essuis Mains;pkt;C- Rouleau Essuie Main;
22;Boutique;Flamme;pkt;C- Flamme;
12;Boutique;Fourchette transparente;pkt;C- Fourchette transparente;
13;Boutique;Gant latex noir 100 pcs;u;C- Gant latex noir 100 pcs;
37;Boutique;Gingembre;kg;F- Gingembre frais;
14;Boutique;Gobelet grand;pkt;C- Gobelet grand;
15;Boutique;Gobelet jus;pkt;C- Gobelet jus;
38;Boutique;Jus Ananas;kg;MP- Pur Jus Ananas;
9;Boutique;Lait UHT;kg;MP- Lait UHT;
45;Boutique;Lingette;u;C- Lingette;
39;Boutique;Myrtilles;kg;F- Myrtilles;
40;Boutique;Orange;kg;F- Orange;
16;Boutique;Pailles Noires (Pack 100);pkt;C- Pailles Noires (Pack 250);
41;Boutique;Purée Ananas;kg;MP- Purée d'Ananas;
42;Boutique;Purée Framboise;kg;MP- Purée de Framboise;
43;Boutique;Purée mangue;kg;MP- Purée de Mangue;
1;Boutique;Rame Papier A4;pkt;C- Rame Papier A4;
48;Boutique;Rouleau celophane;u;C- Rouleau celophane;
49;Boutique;Rouleau de caisse;u;C- Rouleau de caisse;
50;Boutique;Rouleau TPE;u;C- Rouleau TPE;
2;Boutique;Ruban;u;"P- Ruban Satiné 2,5 cm LG 100 M";
28;Boutique;Sac Bleu;pkt;P- Cc Sac Bleu 27X27X27;
29;Boutique;Sac jaune;pkt;;
46;Boutique;SAC Poubelle 30L;pkt;C- Sac poubelle 30L;
30;Boutique;Sac Vert;pkt;P- Cc Sac Vert 35x35x29;
31;Boutique;Sac vert craft;pkt;P- Cc Sac vert craft;
34;Boutique;Sachet 8cm cookies;Units;P- Sachet 8cm cookies;
35;Boutique;Sachet viennoiserie 500u;pkt;P- Sachet viennoiserie Grand;
17;Boutique;Serviettes 30x30 (100pc) BLANC;u;C-  Serviettes 30x30 (100pc) BLANC;
18;Boutique;Serviettes 30x30 (100pc) NOIR;u;C-  Serviettes 30x30 (100pc) NOIR;
23;Boutique;Signatures LG;Units;P- Signatures LG;
81;Cake Design;Boule Déco;u;C- Boule Déco;
56;Cake Design;Bouquet de fleur;pkt;;
75;Cake Design;Cales rond 14cm;Units;P- Cales rond 14cm;
76;Cake Design;cales rond doré 18cm;Units;P- cales rond doré 18cm;
77;Cake Design;cales rond doré 22cm;Units;P- cales rond doré 22cm;
78;Cake Design;cales rond doré 28cm;Units;P- cales rond doré 28cm;
58;Cake Design;Cercle  inox 5cm;100;C- moule inox 3cm/5;
61;Cake Design;Charlottes pack de 100;pkt;C- Charlottes pack de 100;
80;Cake Design;Chocolat Macao Blanc;kg;MP- Chocolat Macao Blanc;
57;Cake Design;CMC;pack 500 g;MP- CMC;
54;Cake Design;Colorant  GEL;Units;MP- Colorant  GEL;
53;Cake Design;Colorant bronze;pack 30 g;MP- Colorant bronze;
51;Cake Design;Colorant Or 10g;pack 10 g;MP- Colorant Or 10g;
52;Cake Design;Colorant Or Gold 56g;u;;
95;Cake Design;Cure dent;Units;MP- Cure dent;
96;Cake Design;Devant;pkt;C- Devant;
82;Cake Design;Feuille d'or Bouteille;u;C- Feuille d'or Bouteille;
83;Cake Design;Feuille d'or FEUILLE;pkt;C- Feuille d'or FEUILLE;
59;Cake Design;Feuille Magique;u;C- Feuille Magique;
91;Cake Design;Feuille pate sucre a4;pkt;C- Feuille pate sucre A4;
86;Cake Design;Gant latex noir 100 pcs;u;C- Gant latex noir 100 pcs;
93;Cake Design;Glucose;seau 5 kg;MP- Glucose;
97;Cake Design;Glue Gun;pkt;C- Glue gun;
85;Cake Design;Maizena;sac 5 kg;MP- Maizena;
87;Cake Design;Papier Azyme épai;pkt;C- Papier Azyme épai;
92;Cake Design;Pâte à Sucre Noire;kg;MP- Pâte à Sucre Noire;
84;Cake Design;Perles CD;kg;MP- Perles CD;
98;Cake Design;Poche patissière 100 pcs;pkt;C- Poche patissière 100 pcs;
99;Cake Design;Poche patissière petit;kg;C- Poche patissière petit;
88;Cake Design;Rame Papier A4;pkt;C- Rame Papier A4;
90;Cake Design;Rouleau celophane;u;C- Rouleau celophane;
89;Cake Design;Rouleau Essuie Main;u;C- Rouleau Essuie Main;
79;Cake Design;socle doré 60/40 cm (copie);u;P- Socle doré 60/40 cm;
60;Cake Design;SPRAY Réfrigérant;u;C- Spray Réfrigérant;
94;Cake Design;Sucre Glace;sac 5 kg;MP- Sucre Glace;
62;Cake Design;Support Bois Rond 50 cm;Units;P- Support Bois Rond 50 cm;
63;Cake Design;Support Bois Rond 60 cm;Units;P- Support Bois Rond 60 cm;
64;Cake Design;Support Bois Rond 80 cm;Units;P- Support Bois Rond 80 cm;
65;Cake Design;Support En Bois carré 50cm;u;P- Support Bois carré 50cm;
66;Cake Design;Support En Bois carré 60 cm;u;P- Support Bois carré 60 cm;
73;Cake Design;Support en bois fin 25 cm;pkt;;
74;Cake Design;Support en bois fin 30 cm;pkt;;
67;Cake Design;Support Gateau 25 cm;Units;P- Support Gateau 25 cm;
68;Cake Design;Support Gateau 30 cm;Units;P- Support Gateau 30 cm;
69;Cake Design;Support Gateau 35 cm;Units;P- Support Gateau 35 cm;
70;Cake Design;Support Gateau 40 cm;Units;P- Support Gateau 40 cm;
71;Cake Design;Support Gateau 45 cm;Units;P- Support Gateau 45 cm;
72;Cake Design;Support Gateau 50 cm;Units;P- Support Gateau 50 cm;
55;Cake Design;Vinaigre 50 cl;Units;MP- Vinaigre 50 cl;
100;Finition - CD Prod;Absolu cristal Nappage glace;seau 5 kg;MP- Absolu cristal Nappage glace;
101;Finition - CD Prod;Acide citrique;kg;MP- Acide citrique;
104;Finition - CD Prod;Amandes en Poudre extra fine;Kg;MP- Amandes Poudre extra fine;
103;Finition - CD Prod;Amandes Poudre;kg;MP- Amandes Poudre;
105;Finition - CD Prod;Arôme vanille artificielle;kg;MP- Arôme vanille artificielle;
106;Finition - CD Prod;Bâtonnet Magnum;Pack 50 u;P- Bâtonnet Magnum;
107;Finition - CD Prod;Batonnet Pops 100P;pack 100 u;C- Batonnet Pops 100P;
108;Finition - CD Prod;Beurre de cacao;seau 3 kg;MP- Beurre de cacao;
109;Finition - CD Prod;Beurre entremets;kg;MP- Beurre entremets;
110;Finition - CD Prod;Boite polystyrène P16;Units;P- Boite polystyrène P16;
111;Finition - CD Prod;Boite polystyrène P9;Units;P- Boite polystyrène P9;
113;Finition - CD Prod;Cacao Extra rouge;kg;MP- Cacao Extra rouge;
114;Finition - CD Prod;Caissette Blanc n° 45;pkt;C- Caissette Blanc n° 45;
115;Finition - CD Prod;Caissette Blanc n° 5;pkt;C- Caissette Blanc n° 5;
177;Finition - CD Prod;Cales 14x4cm;Units;P- Cales 14x4cm;
116;Finition - CD Prod;Cales 20x17;Units;P- Cales 20x17;
178;Finition - CD Prod;Cales 22x9cm cakes;Units;P- Cales 22x9cm cakes;
117;Finition - CD Prod;Cales 23*19 CM FN;Units;P- Cales 23*19 CM FN;
118;Finition - CD Prod;Cales carrées 9X9 cm;Units;P- Cales carrées 9X9 cm;
179;Finition - CD Prod;Cales rond 14cm;Units;P- Cales rond 14cm;
180;Finition - CD Prod;Cales rond 19cm;Units;P- Cales rond 19cm;
181;Finition - CD Prod;cales rond 22cm;Units;P- cales rond 22cm;
182;Finition - CD Prod;cales rond 27cm;Units;P- cales rond 27cm;
119;Finition - CD Prod;Callebaut Couverture Blanc;"pack 2,5 kg";MP- Chocolat Callebaut Couverture Blanc;
120;Finition - CD Prod;Callebaut Couverture Noir;"pack 2,5 kg";MP- Chocolat Callebaut Couverture Noir;
121;Finition - CD Prod;Celophane Emballage;Units;P- Celophane Emballage;
122;Finition - CD Prod;Charlottes pack de 100;pkt;C- Charlottes pack de 100;
123;Finition - CD Prod;Chocolat Macao Blanc;kg;MP- Chocolat Macao Blanc;
124;Finition - CD Prod;Chocolat Macao Noir;kg;MP- Chocolat Macao Noir;
112;Finition - CD Prod;CMC;pack 500 g;MP- CMC;
128;Finition - CD Prod;Colorant alimentaire Lypo JAUNE;u;;
129;Finition - CD Prod;Colorant alimentaire Lypo NOIR;u;;
130;Finition - CD Prod;Colorant bleu indigo;pack 30 g;MP- Colorant bleu indigo;
131;Finition - CD Prod;Colorant brun chocolat;pack 30 g;MP- Colorant brun chocolat;
125;Finition - CD Prod;Colorant Jaune tartazine;pack 30 g;MP- Colorant Jaune tartazine;
126;Finition - CD Prod;Colorant Noir intense;pack 10 g;MP- Colorant Noir intense;
127;Finition - CD Prod;Colorant Rouge;pack 30 g;MP- Colorant Rouge;
132;Finition - CD Prod;Colorant vert;pack 30 g;MP- Colorant vert;
133;Finition - CD Prod;Crème Vegetale;kg;;
134;Finition - CD Prod;Devant;pkt;C- Devant;
186;Finition - CD Prod;Etiquette petite;Units;P- Etiquette petite;
138;Finition - CD Prod;F- Fraise;kg;F- Fraise;
135;Finition - CD Prod;Farine;kg;MP- Farine;
136;Finition - CD Prod;Feuille d'or Bouteille;u;C- Feuille d'or Bouteille;
183;Finition - CD Prod;feuille d'or FEUILLE;pkt;C- Feuille d'or FEUILLE;
137;Finition - CD Prod;Feuilletine;"pack 2,5 kg";MP- Feuilletine;
139;Finition - CD Prod;Framboise fruit;kg;F- Framboise fruit;
140;Finition - CD Prod;Gelatine en poudre;kg;MP- Gelatine en poudre;
141;Finition - CD Prod;Gelatine feuille;kg;MP- Gelatine feuille;
142;Finition - CD Prod;Glucose;seau 5 kg;MP- Glucose;
143;Finition - CD Prod;Grue de Cacao;pack 500 g;MP- Grue de Cacao;
144;Finition - CD Prod;Jivara 40%;3kg;;
145;Finition - CD Prod;Lait UHT;kg;MP- Lait UHT;
146;Finition - CD Prod;Levure chimique;pack 4 kg;MP- Levure chimique;
147;Finition - CD Prod;Maizena;sac 5 kg;MP- Maizena;
148;Finition - CD Prod;Malteser;pack 175 g;MP- Malteser;
149;Finition - CD Prod;Margarine Bonna;pack 500 g;MP- Margarine Bonna;
150;Finition - CD Prod;Mini camping gaz;u;C- Mini camping gaz;
151;Finition - CD Prod;Mixo;pack 4 kg;MP- Mixo;
152;Finition - CD Prod;Nappage;Pack 6 kg;MP- Nappage;
153;Finition - CD Prod;Nutella;g;MP- Nutella;
154;Finition - CD Prod;Oeufs blanc;pack 2 kg;MP- Oeufs blanc;
155;Finition - CD Prod;Oeufs entier;pack 2 kg;MP- Oeufs entier;
156;Finition - CD Prod;Oeufs jaune;pack 2 kg;MP- Oeufs jaune;
157;Finition - CD Prod;Oreo;pkt;MP- Oreo (550g);
158;Finition - CD Prod;Papier cuisson;pkt;C- Papier cuisson;
159;Finition - CD Prod;Pâte à glacer Brune;sac 5 kg;MP- Pâte à glacer Brune;
184;Finition - CD Prod;Plateau rectangle avec clôche et fenêtre;Units;P- Plateau rectangle avec clôche et fenêtre;
161;Finition - CD Prod;Poche patissière 100 pcs;pkt;C- Poche patissière 100 pcs;
162;Finition - CD Prod;Poche patissière petit;kg;C- Poche patissière petit;
185;Finition - CD Prod;poudre amandes;kg;;
163;Finition - CD Prod;Praliné Noisette 50%;pack 4 kg;MP- Praliné Noisette 50%;
164;Finition - CD Prod;Préparation en poudre crème patissière;seau 5 kg;MP- Préparation en poudre crème patissière;
165;Finition - CD Prod;Purée passion;kg;MP- Purée de Passion;
166;Finition - CD Prod;Rhodoid 5 cm;kg;C- Rhodoid 5 cm;
168;Finition - CD Prod;Rouleau celophane;u;C- Rouleau celophane;
167;Finition - CD Prod;Rouleau Essuie Main;u;C- Rouleau Essuie Main;
170;Finition - CD Prod;Satilia Noir 62%;12kg;MP- Chocolat Valrhona Satilia Noir 62%;
169;Finition - CD Prod;Spray de graissage;Units;MP- Spray de graissage;
173;Finition - CD Prod;Sucre Glace;sac 5 kg;MP- Sucre Glace;
171;Finition - CD Prod;Sucre Granule;pack 2 kg;MP- Sucre Granule;
172;Finition - CD Prod;Sucre Neige;kg;MP- Sucre Neige;
174;Finition - CD Prod;Trimoline sucre inverti;pack 7 kg;MP- Trimoline sucre inverti;
175;Finition - CD Prod;Valrhonna Jivara;3kg;MP- Chocolat Valrhona Jivara;
176;Finition - CD Prod;Vinaigre 50 cl;Units;MP- Vinaigre 50 cl;
267;Production;Aiguilette orange;kg;MP- Aiguilette orange;
188;Production;Amandes Effilees;kg;MP- Amandes Effilees;
189;Production;Amandes Hachees;kg;MP- Amandes Hachees;
190;Production;Amandes Poudre;kg;MP- Amandes Poudre;
191;Production;Amandes Poudre extra fine;kg;MP- Amandes Poudre extra fine;
192;Production;Arôme Amer;PACK 60 ML;MP- Arôme Amer;
193;Production;Arôme vanille artificielle;kg;MP- Arôme vanille artificielle;
194;Production;Batons Chocolat Valrhonna 48%;"pack 1,6 kg";MP- Batons Chocolat Valrhonna 48%;
195;Production;Beurre de cacao;seau 3 kg;MP- Beurre de cacao;
196;Production;Beurre entremets;kg;MP- Beurre entremets;
197;Production;Bicarbonate de soude;pack 125 g;MP- Bicarbonate de soude;
198;Production;Biscuit digestive;pack 400 g;MP- Biscuit digestive;
199;Production;Brochette en bois;pkt;C- Brochette en bois;
200;Production;Cacao Extra rouge;kg;MP- Cacao Extra rouge;
201;Production;Callebaut Couverture Blanc;"pack 2,5 kg";MP- Chocolat Callebaut Couverture Blanc;
202;Production;Callebaut Couverture Lait;"pack 2,5 kg";MP- Chocolat Callebaut Couverture Lait;
203;Production;Callebaut Couverture Noir;"pack 2,5 kg";MP- Chocolat Callebaut Couverture Noir;
204;Production;Charlottes pack de 100;pkt;C- Charlottes pack de 100;
205;Production;Chocolat Alunga Barry 41%;5kg;MP- Chocolat Barry Alunga 41%;
213;Production;Chocolat blanc Zephyr;pack 4 kg;MP- Chocolat blanc Zephyr;
206;Production;Chocolat Callebaut Couverture Gold;"pack 2,5 kg";MP- Chocolat Callebaut Couverture Gold;
207;Production;Chocolat Valrhonna Dulcey;3kg;;
208;Production;Chocolat Valrhonna Guanaja;3kg;MP- Chocolat Valrhona Guanaja;
209;Production;Chocolat Valrhonna Ivoire 35%;3kg;MP- Chocolat Valrhona Ivoire 35%;
210;Production;Chocolat Valrhonna Jivara 40%;3kg;MP- Chocolat Valrhona Jivara;
211;Production;Chocolat Valrhonna Satilia Noir 62%;3kg;MP- Chocolat Valrhona Satilia Noir 62%;
212;Production;Chocolat Weiss Gianduja;pack 3 kg;MP- Chocolat Weiss Gianduja;
214;Production;Creme cheese kiri;kg;;
215;Production;Crème chesse milkyfood;kg;;
216;Production;Crème whipping;kg;MP- Crème whipping;
217;Production;Devant;pkt;C- Devant;
219;Production;Farine;kg;MP- Farine;
220;Production;Farine viennoiserie;kg;MP- Farine viennoiserie;
218;Production;FEUILLE GITARE 60*40;u;C- Feuille de guitare;
221;Production;Feuilletine;"pack 2,5 kg";MP- Feuilletine;
222;Production;Gant latex noir 100 pcs;u;C- Gant latex noir 100 pcs;
223;Production;Gelatine en poudre;kg;MP- Gelatine en poudre;
224;Production;Gelatine feuille;kg;MP- Gelatine feuille;
225;Production;Gingembre;kg;FS- Gingembre;
226;Production;Glucose;seau 5 kg;MP- Glucose;
227;Production;Glucose Atomisé;pack 25 kg;MP- Glucose Atomisé;
228;Production;Huile de tournesol;pack 4 kg;MP- Huile de tournesol;
229;Production;Lait Concentré;Boite 369 g;MP- Lait Concentré;
230;Production;Lait UHT;kg;MP- Lait UHT;
231;Production;Levure chimique;pack 4 kg;MP- Levure chimique;
232;Production;Maizena;sac 5 kg;MP- Maizena;
233;Production;Mangue;kg;F- Mangue;
234;Production;Mascarpone;pack 250 g;MP- Mascarpone;
235;Production;Miel Eucalyptus Zemzami;kg;;
236;Production;Miel Zemzami;"pack 4,4 kg";MP- Miel Zemzami;
237;Production;Mini camping gaz;u;C- Mini camping gaz;
238;Production;Mixo;pack 4 kg;MP- Mixo;
239;Production;Nescafe Special Filtre;Pack 190;MP- Nescafe Special Filtre;
240;Production;Noisette Entière;kg;MP- Noisette Entière;
241;Production;Oeufs blanc;pack 2 kg;MP- Oeufs blanc;
242;Production;Oeufs entier;pack 2 kg;MP- Oeufs entier;
243;Production;Oeufs jaune;pack 2 kg;MP- Oeufs jaune;
244;Production;Papier cuisson;pkt;C- Papier cuisson;
252;Production;Pâte à pistache;kg;;
245;Production;Pate noisette;kg;MP- Pâte de Noisette MONTEBIANCO;
246;Production;Pate pistache glace;kg;;
247;Production;Pecan 2;kg;FS- Pecan;
268;Production;Pectine NH;kg;MP- Pectine NH;
248;Production;Pistache Entier;kg;MP- Pistache Entière;
249;Production;Poche patissière 100 pcs;pkt;C- Poche patissière 100 pcs;
250;Production;Praliné Noisette 50%;pack 4 kg;MP- Praliné Noisette 50%;
251;Production;Préparation en poudre crème patissière;seau 5 kg;MP- Préparation en poudre crème patissière;
253;Production;Rhodoid 3 cm;u;C- Rhodoid 3 cm;
254;Production;Rhodoid 4 cm;u;C- Rhodoid 4 cm;
255;Production;Rhodoid 5 cm;kg;C- Rhodoid 5 cm;
256;Production;Riz soufflé;Pack de 375 G;MP- Riz soufflé;
259;Production;Rouleau celophane;u;C- Rouleau celophane;
257;Production;Rouleau Essuie Main;u;C- Rouleau Essuie Main;
258;Production;Rouleau Papier Aluminium;u;C- Rouleau Papier Aluminium;
261;Production;Sel;pack 500 g;MP- Sel;
260;Production;Spray de graissage;Units;MP- Spray de graissage;
262;Production;Sucre Cassonade;kg;MP- Sucre Cassonade;
264;Production;Sucre Glace;sac 5 kg;MP- Sucre Glace;
263;Production;Sucre Granule;pack 2 kg;MP- Sucre Granule;
265;Production;Trimoline sucre inverti;pack 7 kg;MP- Trimoline sucre inverti;
266;Production;Vanille Gousse Bourbon;g;MP- Vanille Gousse Bourbon;