nom;quantite;unite;stock_odoo;compte_par;compte_le;envoye_le
"SM- Cheesecake nature";"23";"Units";"23";"Layla";"2026-09-07T10:52:28.9+00:00";"2026-09-03T21:13:17.195+00:00"
"SM- cadre citron meringuée Production";"1";"Units";"55";"YASMINA BENATTABOU";"2026-09-02T07:06:25.172+00:00";"2026-09-03T21:13:17.195+00:00"
"SM- cadre foret noir grand Production";"4";"Units";"528";"YASMINA BENATTABOU";"2026-09-02T07:06:43.988+00:00";"2026-09-03T21:13:17.195+00:00"
"SM- cadre foret noir mignardise Production";"1";"Units";"168";"YASMINA BENATTABOU";"2026-09-02T07:06:46.452+00:00";"2026-09-03T21:13:17.195+00:00"
"SM- Cake Chocolat Individuel";"24";"Units";"31";"YASMINA BENATTABOU";"2026-09-02T07:11:20.667+00:00";"2026-09-03T21:13:17.195+00:00"
"SM- Cake praliné individuel";"32";"Units";"1";"YASMINA BENATTABOU";"2026-09-02T07:11:49.708+00:00";"2026-09-03T21:13:17.195+00:00"
"SM- Cheesecake Exotique 10 pers";"19";"Units";"16";"YASMINA BENATTABOU";"2026-09-02T07:12:57.655+00:00";"2026-09-03T21:13:17.195+00:00"
"SM- Fond de tarte nature 10cm";"0";"Units";"8";"YASMINA BENATTABOU";"2026-09-02T07:32:17.068+00:00";"2026-09-03T21:13:17.195+00:00"
"SM- Croissant";"93";"Units";"106";"YASMINA BENATTABOU";"2026-09-02T07:39:29.62+00:00";"2026-09-03T21:13:17.195+00:00"
"SM-Pain raisin";"42";"Units";"55";"YASMINA BENATTABOU";"2026-09-02T07:41:22.33+00:00";"2026-09-03T21:13:17.195+00:00"
"SM. Farce Kunafa Bueno";"0";"g";"13500";"YASMINA BENATTABOU";"2026-09-02T06:59:14.769+00:00";"2026-09-03T21:13:17.195+00:00"
"SM CD* Crème au beurre Tagatesse";"0";"kg";"0.23";"YASMINA BENATTABOU";"2026-09-02T07:00:10.06+00:00";"2026-09-03T21:13:17.195+00:00"
"SM- Base Tarte CBS indiv";"0";"Units";"43";"YASMINA BENATTABOU";"2026-09-03T11:09:48.766+00:00";"2026-09-03T21:13:17.195+00:00"
"SM- Base Tarte CBS 18 cm";"0";"Units";"3";"YASMINA BENATTABOU";"2026-09-03T11:09:54.649+00:00";"2026-09-03T21:13:17.195+00:00"
"SM CD* Sirop imbibage kg";"0";"kg";"-0.76";"YASMINA BENATTABOU";"2026-09-02T07:00:39.678+00:00";"2026-09-03T21:13:17.195+00:00"
"SM- 15 cm Vitrine (Citron)";"20";"Units";"20";"YASMINA BENATTABOU";"2026-09-02T07:01:33.918+00:00";"2026-09-03T21:13:17.195+00:00"
"SM- 35 cm Vitrine (Praliné Amandes caramélisées)";"1";"Units";"1";"YASMINA BENATTABOU";"2026-09-02T07:03:38.33+00:00";"2026-09-03T21:13:17.195+00:00"
"SM Amaretti orange Tiramisu";"1472";"g";"-695";"YASMINA BENATTABOU";"2026-09-02T09:12:02.781+00:00";"2026-09-03T21:13:17.195+00:00"
"SM- Sirop Imbibage mini cake chocolat Kg";"0.69";"kg";"-1.1";"YASMINA BENATTABOU";"2026-09-02T09:16:00.591+00:00";"2026-09-03T21:13:17.195+00:00"
"SM- cadre supreme amande production";"3";"Units";"46";"YASMINA BENATTABOU";"2026-09-02T07:06:52.391+00:00";"2026-09-03T21:13:17.195+00:00"
"SM- Cake citron";"18";"Units";"18";"YASMINA BENATTABOU";"2026-09-02T07:08:03.937+00:00";"2026-09-03T21:13:17.195+00:00"
"SM- Cake Orange";"14";"Units";"14";"YASMINA BENATTABOU";"2026-09-02T07:08:19.573+00:00";"2026-09-03T21:13:17.195+00:00"
"SM- Cake citron Individuel";"54";"Units";"68";"YASMINA BENATTABOU";"2026-09-02T07:10:36.326+00:00";"2026-09-03T21:13:17.195+00:00"
"SM- Cheesecake Exotique indiv";"121";"Units";"138";"YASMINA BENATTABOU";"2026-09-02T07:17:29.118+00:00";"2026-09-03T21:13:17.195+00:00"
"SM- Cookies ch L";"150";"Units";"153";"YASMINA BENATTABOU";"2026-09-02T07:18:02.581+00:00";"2026-09-03T21:13:17.195+00:00"
"SM- Cookies CH N";"151";"Units";"151";"YASMINA BENATTABOU";"2026-09-02T07:18:05.297+00:00";"2026-09-03T21:13:17.195+00:00"
"SM- Dark Choco";"20";"Units";"20";"YASMINA BENATTABOU";"2026-09-02T07:18:18.702+00:00";"2026-09-03T21:13:17.195+00:00"
"SM- Tiramisu 20cm";"20";"Units";"19";"YASMINA BENATTABOU";"2026-09-02T07:19:00.201+00:00";"2026-09-03T21:13:17.195+00:00"
"SM- Tiramisu 15cm";"3";"Units";"4";"YASMINA BENATTABOU";"2026-09-02T07:19:07.994+00:00";"2026-09-03T21:13:17.195+00:00"
"SM- Tarte citron gin 18 cm";"16";"Units";"16";"YASMINA BENATTABOU";"2026-09-02T07:19:32.783+00:00";"2026-09-03T21:13:17.195+00:00"
"SM- Tarte citron gin 23 cm";"5";"Units";"4";"YASMINA BENATTABOU";"2026-09-02T07:19:40.843+00:00";"2026-09-03T21:13:17.195+00:00"
"SM- Royal Chocolat 20 cm";"6";"Units";"7";"YASMINA BENATTABOU";"2026-09-02T07:20:13.996+00:00";"2026-09-03T21:13:17.195+00:00"
"SM- Gianduja 10 pers";"8";"Units";"5";"YASMINA BENATTABOU";"2026-09-02T07:20:46.039+00:00";"2026-09-03T21:13:17.195+00:00"
"SM- Pistache fleur d'oranger 10 pers";"4";"Units";"2";"YASMINA BENATTABOU";"2026-09-02T07:21:26.023+00:00";"2026-09-03T21:13:17.195+00:00"
"SM- Pistache fleur d'oranger indiv";"90";"Units";"-18";"YASMINA BENATTABOU";"2026-09-02T07:21:59.338+00:00";"2026-09-03T21:13:17.195+00:00"
"SM- Pr Pistache fleur d'oranger 10 pers";"3";"Units";"3";"YASMINA BENATTABOU";"2026-09-02T07:22:04.404+00:00";"2026-09-03T21:13:17.195+00:00"
"SM- Pr Cheesecake Exotique 10 pers";"4";"Units";"5";"YASMINA BENATTABOU";"2026-09-02T07:27:41.915+00:00";"2026-09-03T21:13:17.195+00:00"
"SM- Galette Frangipane Crue (10)";"0";"Units";"2";"YASMINA BENATTABOU";"2026-09-02T07:29:17.191+00:00";"2026-09-03T21:13:17.195+00:00"
"SM- Madeleine";"0";"Units";"100";"YASMINA BENATTABOU";"2026-09-02T07:29:30.802+00:00";"2026-09-03T21:13:17.195+00:00"
"SM- mini  Pain Suisse";"0";"Units";"316";"YASMINA BENATTABOU";"2026-09-02T07:29:35.284+00:00";"2026-09-03T21:13:17.195+00:00"
"SM- Fond de tarte nature 23 cm";"11";"Units";"9";"YASMINA BENATTABOU";"2026-09-02T07:29:58.892+00:00";"2026-09-03T21:13:17.195+00:00"
"SM- Base CBS 23 cm";"3";"Units";"1";"YASMINA BENATTABOU";"2026-09-02T14:19:48.913+00:00";"2026-09-03T21:13:17.195+00:00"
"SM- Ghriba Chocolat";"0";"kg";"-32.35";"YASMINA BENATTABOU";"2026-09-02T07:32:24.281+00:00";"2026-09-03T21:13:17.195+00:00"
"SM- Muffin Myrtille";"0";"Units";"15";"YASMINA BENATTABOU";"2026-09-02T07:32:27.226+00:00";"2026-09-03T21:13:17.195+00:00"
"SM- Pr Buche noisette dulcey indiv 25";"0";"Units";"2";"YASMINA BENATTABOU";"2026-09-02T07:32:32.834+00:00";"2026-09-03T21:13:17.195+00:00"
"SM- Sirop d'imbibage Baba";"0";"g";"1699";"YASMINA BENATTABOU";"2026-09-02T07:32:36.384+00:00";"2026-09-03T21:13:17.195+00:00"
"SM-Pr  Pistache fleur d'oranger indiv";"0";"Units";"4";"YASMINA BENATTABOU";"2026-09-02T07:33:08.994+00:00";"2026-09-03T21:13:17.195+00:00"
"SM- Donuts Maison 2026";"137";"Units";"190";"YASMINA BENATTABOU";"2026-09-02T07:34:31.603+00:00";"2026-09-03T21:13:17.195+00:00"
"SM- Pain au Chocolat";"38";"Units";"41";"YASMINA BENATTABOU";"2026-09-02T07:35:06.13+00:00";"2026-09-03T21:13:17.195+00:00"
"SM- Pain Suisse";"73";"Units";"72";"YASMINA BENATTABOU";"2026-09-02T07:36:34.824+00:00";"2026-09-03T21:13:17.195+00:00"
"SM. Mini pain Chocolat";"0";"Units";"105";"YASMINA BENATTABOU";"2026-09-02T07:36:56.042+00:00";"2026-09-03T21:13:17.195+00:00"
"SM. Mini Croissant";"0";"Units";"396";"YASMINA BENATTABOU";"2026-09-02T07:36:59.982+00:00";"2026-09-03T21:13:17.195+00:00"
"SM. Biscuit a la cuillere (plaque)";"1";"Units";"1.48";"YASMINA BENATTABOU";"2026-09-02T11:42:28.62+00:00";"2026-09-03T21:13:17.195+00:00"
"SM-Daquoise buche pistache 25";"0";"kg";"2.13";"YASMINA BENATTABOU";"2026-09-02T07:42:07.475+00:00";"2026-09-03T21:13:17.195+00:00"
"SM-Daquoise plaque maatouk";"0";"kg";"2.4";"YASMINA BENATTABOU";"2026-09-02T07:42:12.592+00:00";"2026-09-03T21:13:17.195+00:00"
"SM. Pécan caramélise flan Production";"1685";"g";"100";"YASMINA BENATTABOU";"2026-09-02T07:46:32.401+00:00";"2026-09-03T21:13:17.195+00:00"
"SM. Amandes Caramelisees Production";"3028";"g";"3496";"YASMINA BENATTABOU";"2026-09-02T07:46:55.725+00:00";"2026-09-03T21:13:17.195+00:00"
"SM- Fond de tarte nature 8 cm";"227";"Units";"231";"YASMINA BENATTABOU";"2026-09-02T15:07:07.892+00:00";"2026-09-03T21:13:17.195+00:00"
"SM- Paris brest crue production";"119";"Units";"133";"YASMINA BENATTABOU";"2026-09-02T07:48:40.126+00:00";"2026-09-03T21:13:17.195+00:00"
"SM. Pate a choux unite";"882";"Units";"874";"YASMINA BENATTABOU";"2026-09-02T07:51:36.475+00:00";"2026-09-03T21:13:17.195+00:00"
"MP- Maizena";"3.805";"kg";"91.21";"YASMINA BENATTABOU";"2026-09-02T07:53:51.779+00:00";"2026-09-03T21:13:17.195+00:00"
"SM. Confit tropical buche pistache 25.";"0";"kg";"6";"YASMINA BENATTABOU";"2026-09-02T07:58:27.487+00:00";"2026-09-03T21:13:17.195+00:00"
"SM. Confit de framboise prod";"1949";"g";"6589";"YASMINA BENATTABOU";"2026-09-02T07:59:01.383+00:00";"2026-09-03T21:13:17.195+00:00"
"SM. Plaque mini cheese cake nature";"3";"Units";"9";"YASMINA BENATTABOU";"2026-09-02T08:01:31.839+00:00";"2026-09-03T21:13:17.195+00:00"
"SM. mini cheese cake aromatisé (Ananas)";"0";"Units";"135";"YASMINA BENATTABOU";"2026-09-02T08:01:47.388+00:00";"2026-09-03T21:13:17.195+00:00"
"MP- Amandes Poudre";"4.624";"kg";"0.62";"YASMINA BENATTABOU";"2026-09-03T11:14:52.524+00:00";"2026-09-03T21:13:17.195+00:00"
"MP- Sucre Cassonade";"9.386";"kg";"2.39";"YASMINA BENATTABOU";"2026-09-03T11:17:10.669+00:00";"2026-09-03T21:13:17.195+00:00"
"MP- Feuilletine";"4.088";"kg";"1.59";"YASMINA BENATTABOU";"2026-09-03T11:20:50.528+00:00";"2026-09-03T21:13:17.195+00:00"
"MP- Préparation en poudre crème patissière";"9.05";"kg";"4.05";"YASMINA BENATTABOU";"2026-09-03T11:23:42.434+00:00";"2026-09-03T21:13:17.195+00:00"
"MP- Sucre Glace";"5.986";"kg";"986";"YASMINA BENATTABOU";"2026-09-03T11:24:17.032+00:00";"2026-09-03T21:13:17.195+00:00"
"MP- Levure chimique";"8.918";"kg";"3.8";"YASMINA BENATTABOU";"2026-09-03T11:29:40.177+00:00";"2026-09-03T21:13:17.195+00:00"
"SM- 20 cm Vitrine (Praliné Amandes caramélisées)";"4";"Units";"7";"Layla";"2026-09-07T10:50:59.215+00:00";"2026-09-03T21:13:17.195+00:00"
"SM- 20 cm Vitrine (Citron)";"23";"Units";"26";"Layla";"2026-09-07T10:51:07.944+00:00";"2026-09-03T21:13:17.195+00:00"
"SM- 25 cm Vitrine (Citron)";"1";"Units";"2";"Layla";"2026-09-07T10:51:33.551+00:00";"2026-09-03T21:13:17.195+00:00"
"SM. Creme au beurre nature production";"10020";"g";"13038.94";"YASMINA BENATTABOU";"2026-09-02T09:46:12.536+00:00";"2026-09-03T21:13:17.195+00:00"
"SM. Ganache Chocolat BRIOCHE / TARTE";"1140";"g";"2390";"YASMINA BENATTABOU";"2026-09-02T12:05:19.35+00:00";"2026-09-03T21:13:17.195+00:00"
"SMT. Lingot Chocolat Plaque mignardise";"1.3";"Units";"236";"YASMINA BENATTABOU";"2026-09-02T14:22:28.645+00:00";"2026-09-03T21:13:17.195+00:00"
"SM. gélée mangue ananas pistache 10 pers";"2";"Units";"2";"YASMINA BENATTABOU";"2026-09-02T15:07:07.707+00:00";"2026-09-03T21:13:17.195+00:00"
"SM. Confit de framboise finition";"4789";"g";"41";"YASMINA BENATTABOU";"2026-09-02T07:57:59.533+00:00";"2026-09-03T21:13:17.195+00:00"
"MP- Chocolat Dulcey";"0.684";"kg";"21";"YASMINA BENATTABOU";"2026-09-02T08:54:28.355+00:00";"2026-09-03T21:13:17.195+00:00"
"SM- Cake chocolat";"18";"Units";"18";"YASMINA BENATTABOU";"2026-09-02T09:14:12.406+00:00";"2026-09-03T21:13:17.195+00:00"
"SM. Mini cakes CHOCOLAT";"20";"cl";"410";"YASMINA BENATTABOU";"2026-09-02T09:15:31.591+00:00";"2026-09-03T21:13:17.195+00:00"
"SM. pate de vanille maison";"6033";"g";"3613.62";"YASMINA BENATTABOU";"2026-09-02T09:29:26.115+00:00";"2026-09-03T21:13:17.195+00:00"
"SM. weiss gianduja maison";"0";"g";"1100";"YASMINA BENATTABOU";"2026-09-02T09:30:21.917+00:00";"2026-09-03T21:13:17.195+00:00"
"MP- Eau 33 cl";"0";"Units";"1080";"YASMINA BENATTABOU";"2026-09-02T09:31:21.791+00:00";"2026-09-03T21:13:17.195+00:00"
"MP- Eau pétillante 50 CL";"0";"pack 12 u";"2";"YASMINA BENATTABOU";"2026-09-02T09:31:23.935+00:00";"2026-09-03T21:13:17.195+00:00"
"MP- Chocolat Barry Alunga 41%";"0";"kg";"-0.02";"YASMINA BENATTABOU";"2026-09-02T09:32:57.966+00:00";"2026-09-03T21:13:17.195+00:00"
"MP- Chocolat Macao Noir";"0";"kg";"19";"YASMINA BENATTABOU";"2026-09-02T09:33:10.254+00:00";"2026-09-03T21:13:17.195+00:00"
"MP- Chocolat Valrhona Satilia lait 38%";"0";"kg";"24";"YASMINA BENATTABOU";"2026-09-02T09:33:18.348+00:00";"2026-09-03T21:13:17.195+00:00"
"MP- Chocolat Valrhona Satilia Noir 62%";"0";"kg";"39.21";"YASMINA BENATTABOU";"2026-09-02T09:33:20.584+00:00";"2026-09-03T21:13:17.195+00:00"
"MP- Malteser";"0";"g";"759";"YASMINA BENATTABOU";"2026-09-02T09:33:28.041+00:00";"2026-09-03T21:13:17.195+00:00"
"SM. Subleme fleur d'oranger pistache";"641";"g";"2833.42";"YASMINA BENATTABOU";"2026-09-02T09:33:57.623+00:00";"2026-09-03T21:13:17.195+00:00"
"MP- Cure dent";"0";"Units";"13";"YASMINA BENATTABOU";"2026-09-02T09:34:20.848+00:00";"2026-09-03T21:13:17.195+00:00"
"MP- Perles CD";"0";"g";"4030";"YASMINA BENATTABOU";"2026-09-02T09:34:22.146+00:00";"2026-09-03T21:13:17.195+00:00"
"MP- Pâte à Sucre Noire";"0";"kg";"49";"YASMINA BENATTABOU";"2026-09-02T09:34:24.354+00:00";"2026-09-03T21:13:17.195+00:00"
"MP- Nutella 3kg";"0";"kg";"12";"YASMINA BENATTABOU";"2026-09-02T09:34:37.132+00:00";"2026-09-03T21:13:17.195+00:00"
"MP- CMC";"0";"kg";"0.5";"YASMINA BENATTABOU";"2026-09-02T09:35:01.391+00:00";"2026-09-03T21:13:17.195+00:00"
"MP- Huile de tournesol";"0";"kg";"543.81";"YASMINA BENATTABOU";"2026-09-02T09:35:16.485+00:00";"2026-09-03T21:13:17.195+00:00"
"MP- Moutarde";"0";"g";"-343.34";"YASMINA BENATTABOU";"2026-09-02T09:35:26.309+00:00";"2026-09-03T21:13:17.195+00:00"
"MP- Oreo (550g)";"0";"kg";"4.94";"YASMINA BENATTABOU";"2026-09-02T09:35:33.147+00:00";"2026-09-03T21:13:17.195+00:00"
"MP- Paprika";"0";"g";"-75";"YASMINA BENATTABOU";"2026-09-02T09:35:43.532+00:00";"2026-09-03T21:13:17.195+00:00"
"MP- Yaourt Nature";"0";"g";"-1888.34";"YASMINA BENATTABOU";"2026-09-02T09:35:46.724+00:00";"2026-09-03T21:13:17.195+00:00"
"SM Fourrage Sellou CD";"0";"g";"338";"YASMINA BENATTABOU";"2026-09-02T09:36:12.06+00:00";"2026-09-03T21:13:17.195+00:00"
"SM- Cigare amande Classique";"0";"Units";"-42";"YASMINA BENATTABOU";"2026-09-02T09:37:15.832+00:00";"2026-09-03T21:13:17.195+00:00"
"SM- Cigare amande gingembre";"0";"Units";"1408";"YASMINA BENATTABOU";"2026-09-02T09:37:17.176+00:00";"2026-09-03T21:13:17.195+00:00"
"SM- Chebakia";"0";"Units";"1528";"YASMINA BENATTABOU";"2026-09-02T09:37:24.491+00:00";"2026-09-03T21:13:17.195+00:00"
"SM-Biscuit Café";"0";"g";"7790";"YASMINA BENATTABOU";"2026-09-02T09:37:33.854+00:00";"2026-09-03T21:13:17.195+00:00"
"SM. Chocolat guimauve kg";"0";"kg";"-4.5";"YASMINA BENATTABOU";"2026-09-02T09:37:35.393+00:00";"2026-09-03T21:13:17.195+00:00"
"SM. Chocolat Vrac kg";"0";"kg";"-115.18";"YASMINA BENATTABOU";"2026-09-02T09:37:58.839+00:00";"2026-09-03T21:13:17.195+00:00"
"SM. Biscuit chocolat Gianduja";"2600";"g";"5163.08";"YASMINA BENATTABOU";"2026-09-02T09:40:19.078+00:00";"2026-09-03T21:13:17.195+00:00"
"SM. Biscuit pistache plaque";"0";"Units";"2.07";"YASMINA BENATTABOU";"2026-09-02T09:40:29.679+00:00";"2026-09-03T21:13:17.195+00:00"
"SM. Creme au beurre praline production";"0";"g";"4000";"YASMINA BENATTABOU";"2026-09-02T09:46:25.411+00:00";"2026-09-03T21:13:17.195+00:00"
"SM. Voile mangue passion";"1145";"g";"585";"YASMINA BENATTABOU";"2026-09-02T09:48:11.595+00:00";"2026-09-03T21:13:17.195+00:00"
"SMT. creme patissiere cbs";"0";"g";"240";"YASMINA BENATTABOU";"2026-09-02T09:48:23.844+00:00";"2026-09-03T21:13:17.195+00:00"
"SMT. creme patissiere praline";"0";"g";"280";"YASMINA BENATTABOU";"2026-09-02T09:48:31.882+00:00";"2026-09-03T21:13:17.195+00:00"
"SM. Sirop d'imbibage cafe Tiramisu";"0";"g";"-3520";"YASMINA BENATTABOU";"2026-09-02T09:48:41.255+00:00";"2026-09-03T21:13:17.195+00:00"
"SM. Sirop Imbibage cake citron production";"0";"g";"466.66";"YASMINA BENATTABOU";"2026-09-02T09:48:45.534+00:00";"2026-09-03T21:13:17.195+00:00"
"SM. Plaque brownies";"1";"Units";"1452";"YASMINA BENATTABOU";"2026-09-02T09:49:07.04+00:00";"2026-09-03T21:13:17.195+00:00"
"SM. mini financier nature";"0";"Units";"671";"YASMINA BENATTABOU";"2026-09-02T09:49:24.784+00:00";"2026-09-03T21:13:17.195+00:00"
"SM. mini financier café";"0";"Units";"329";"YASMINA BENATTABOU";"2026-09-02T09:49:28.65+00:00";"2026-09-03T21:13:17.195+00:00"
"SM. Mini Cookies";"0";"Units";"234";"YASMINA BENATTABOU";"2026-09-02T09:49:41.26+00:00";"2026-09-03T21:13:17.195+00:00"
"SM. creme citron Production";"5210";"g";"17207.9";"YASMINA BENATTABOU";"2026-09-02T09:55:46.542+00:00";"2026-09-03T21:13:17.195+00:00"
"SM. creme patissiere cbs finition";"0";"g";"940";"YASMINA BENATTABOU";"2026-09-02T09:55:50.216+00:00";"2026-09-03T21:13:17.195+00:00"
"SM. creme patissiere Chocolat Production";"0";"g";"5820";"YASMINA BENATTABOU";"2026-09-02T09:55:56.963+00:00";"2026-09-03T21:13:17.195+00:00"
"SM. creme patissiere praline Finition";"0";"g";"150";"YASMINA BENATTABOU";"2026-09-02T09:56:00.47+00:00";"2026-09-03T21:13:17.195+00:00"
"SM. Cremeux a la vanille 10 pers Production";"2";"Units";"23";"YASMINA BENATTABOU";"2026-09-02T09:56:09.282+00:00";"2026-09-03T21:13:17.195+00:00"
"SM. Farce Cigare amande Classique";"0";"kg";"2734";"YASMINA BENATTABOU";"2026-09-02T09:57:25.252+00:00";"2026-09-03T21:13:17.195+00:00"
"SM. ganache chocolat ivoire sapin";"0";"g";"3571";"YASMINA BENATTABOU";"2026-09-02T09:57:39.474+00:00";"2026-09-03T21:13:17.195+00:00"
"SM. Ganache Montée Sapin";"0";"g";"-5162";"YASMINA BENATTABOU";"2026-09-02T09:57:43.818+00:00";"2026-09-03T21:13:17.195+00:00"
"SM. Mini cakes CITRON";"40";"cl";"6";"YASMINA BENATTABOU";"2026-09-02T10:57:47.911+00:00";"2026-09-03T21:13:17.195+00:00"
"SM- 15 cm Vitrine (Praliné Amandes caramélisées)";"14";"Units";"14";"Layla";"2026-09-07T10:50:18.525+00:00";"2026-09-03T21:13:17.195+00:00"
"MP- Chocolat Weiss Gianduja";"2.204";"kg";"2.35";"YASMINA BENATTABOU";"2026-09-02T10:15:13.786+00:00";"2026-09-03T21:13:17.195+00:00"
"MP- Lait UHT";"13.738";"kg";"330.74";"YASMINA BENATTABOU";"2026-09-02T10:37:39.566+00:00";"2026-09-03T21:13:17.195+00:00"
"MP- Crème pâtissière Meggle";"7.363";"kg";"15";"YASMINA BENATTABOU";"2026-09-02T10:38:40.874+00:00";"2026-09-03T21:13:17.195+00:00"
"SM. sirop tatin";"1200";"g";"1024";"YASMINA BENATTABOU";"2026-09-02T10:39:17.989+00:00";"2026-09-03T21:13:17.195+00:00"
"SM. caramel beurre sale production";"1600";"g";"1744.11";"YASMINA BENATTABOU";"2026-09-02T11:43:14.794+00:00";"2026-09-03T21:13:17.195+00:00"
"SM. caramel tatin";"0";"g";"3500";"YASMINA BENATTABOU";"2026-09-02T12:11:51.091+00:00";"2026-09-03T21:13:17.195+00:00"
"SM. Glacage pistache Finition";"8948";"g";"5571";"YASMINA BENATTABOU";"2026-09-02T09:58:09.254+00:00";"2026-09-03T21:13:17.195+00:00"
"SM. Glacage Rose Finition";"10641";"g";"19063";"YASMINA BENATTABOU";"2026-09-02T09:58:19.6+00:00";"2026-09-03T21:13:17.195+00:00"
"SM. Praliné Maison Pistache";"0";"kg";"1589.51";"YASMINA BENATTABOU";"2026-09-02T10:00:57.797+00:00";"2026-09-03T21:13:17.195+00:00"
"SM. praline duja";"0";"g";"1800";"YASMINA BENATTABOU";"2026-09-02T10:00:59.892+00:00";"2026-09-03T21:13:17.195+00:00"
"SM. Sable Crispy";"2636";"g";"4690";"YASMINA BENATTABOU";"2026-09-02T10:02:44.841+00:00";"2026-09-03T21:13:17.195+00:00"
"SM. pate de vanille maison copie";"0";"kg";"15.81";"YASMINA BENATTABOU";"2026-09-02T10:03:01.6+00:00";"2026-09-03T21:13:17.195+00:00"
"SM. pate sable (Tarte)";"6017";"g";"4927";"YASMINA BENATTABOU";"2026-09-02T10:04:07.491+00:00";"2026-09-03T21:13:17.195+00:00"
"MP- Chocolat Valrhona Jivara";"5.659";"kg";"-8.26";"YASMINA BENATTABOU";"2026-09-02T10:05:55.294+00:00";"2026-09-03T21:13:17.195+00:00"
"MP- Chocolat Valrhona Guanaja";"4.225";"kg";"43.99";"YASMINA BENATTABOU";"2026-09-02T10:06:09.002+00:00";"2026-09-03T21:13:17.195+00:00"
"MP- Chocolat Callebaut Couverture Gold";"4.844";"kg";"-67549.93";"YASMINA BENATTABOU";"2026-09-02T10:06:22.121+00:00";"2026-09-03T21:13:17.195+00:00"
"MP- Beurre Centrale";"0";"g";"22500";"YASMINA BENATTABOU";"2026-09-02T10:09:56.56+00:00";"2026-09-03T21:13:17.195+00:00"
"MP- Beurre entremets";"51.675";"kg";"-10798.9";"YASMINA BENATTABOU";"2026-09-02T10:10:44.437+00:00";"2026-09-03T21:13:17.195+00:00"
"SM. Chantilly à la Rose";"2465";"g";"4040";"YASMINA BENATTABOU";"2026-09-02T10:18:46.993+00:00";"2026-09-03T21:13:17.195+00:00"
"SM. Cremeux pistache 10 pers Production";"20";"Units";"22";"YASMINA BENATTABOU";"2026-09-02T10:19:25.307+00:00";"2026-09-03T21:13:17.195+00:00"
"SM. Cremeux gianduja 10 pers Production";"2";"Units";"23";"YASMINA BENATTABOU";"2026-09-02T10:19:39.094+00:00";"2026-09-03T21:13:17.195+00:00"
"SM. Cremeux gianduja indiv Production";"150";"Units";"151";"YASMINA BENATTABOU";"2026-09-02T10:25:42.75+00:00";"2026-09-03T21:13:17.195+00:00"
"SM. Cremeux a la vanille indiv Gianduja Production";"150";"Units";"151";"YASMINA BENATTABOU";"2026-09-02T10:26:18.128+00:00";"2026-09-03T21:13:17.195+00:00"
"SM. crunchy citron passion";"0";"kg";"11.28";"YASMINA BENATTABOU";"2026-09-02T10:29:12.604+00:00";"2026-09-03T21:13:17.195+00:00"
"SM. glacage mirroir Finition";"0";"g";"4060";"YASMINA BENATTABOU";"2026-09-02T10:30:01.484+00:00";"2026-09-03T21:13:17.195+00:00"
"SM. Flocage Blanc finition";"420";"g";"1953";"YASMINA BENATTABOU";"2026-09-02T10:30:33.037+00:00";"2026-09-03T21:13:17.195+00:00"
"MP- Crème whipping";"22";"kg";"119.65";"YASMINA BENATTABOU";"2026-09-02T10:34:11.091+00:00";"2026-09-03T21:13:17.195+00:00"
"MP- Fromage Vache qui rit";"0";"kg";"-1.2";"YASMINA BENATTABOU";"2026-09-02T10:35:15.506+00:00";"2026-09-03T21:13:17.195+00:00"
"MP- Fromage Milky food";"21.4";"kg";"4.75";"YASMINA BENATTABOU";"2026-09-02T10:37:18.776+00:00";"2026-09-03T21:13:17.195+00:00"
"MP- Oeufs plateau (30 pièces)";"0";"Units";"65.14";"YASMINA BENATTABOU";"2026-09-02T10:41:44.232+00:00";"2026-09-03T21:13:17.195+00:00"
"MP- Vinaigre";"0";"kg";"1";"YASMINA BENATTABOU";"2026-09-02T10:41:55.031+00:00";"2026-09-03T21:13:17.195+00:00"
"MP- Fromage EDAM";"0";"kg";"-1.3";"YASMINA BENATTABOU";"2026-09-02T10:41:59.813+00:00";"2026-09-03T21:13:17.195+00:00"
"SM. Chips de coco";"0";"g";"1340";"YASMINA BENATTABOU";"2026-09-02T10:42:36.922+00:00";"2026-09-03T21:13:17.195+00:00"
"SM. craquelin";"0";"g";"555";"YASMINA BENATTABOU";"2026-09-02T10:42:44.938+00:00";"2026-09-03T21:13:17.195+00:00"
"SM. Craquant Royal";"0";"g";"435.5";"YASMINA BENATTABOU";"2026-09-02T10:42:56.608+00:00";"2026-09-03T21:13:17.195+00:00"
"MP- Mascarpone";"14.107";"kg";"74.92";"YASMINA BENATTABOU";"2026-09-02T10:48:27.867+00:00";"2026-09-03T21:13:17.195+00:00"
"SM. Cremeux citron Production";"0";"g";"128.47";"YASMINA BENATTABOU";"2026-09-02T10:52:35.775+00:00";"2026-09-03T21:13:17.195+00:00"
"SM. Crumble pistache +cheese exotique nv";"1.25";"kg";"5.38";"YASMINA BENATTABOU";"2026-09-02T11:03:07.594+00:00";"2026-09-03T21:13:17.195+00:00"
"SM. pate sable cacao (Tarte)";"3600";"g";"-1418";"YASMINA BENATTABOU";"2026-09-02T11:03:36.407+00:00";"2026-09-03T21:13:17.195+00:00"
"SM. Confit citron";"0";"g";"-3220";"YASMINA BENATTABOU";"2026-09-02T11:50:32.395+00:00";"2026-09-03T21:13:17.195+00:00"
"SM. caramel tatin KG";"0.96";"kg";"1.75";"YASMINA BENATTABOU";"2026-09-02T11:51:43.468+00:00";"2026-09-03T21:13:17.195+00:00"
"SM. mousse meringue citron";"0";"g";"232";"YASMINA BENATTABOU";"2026-09-02T11:52:00.256+00:00";"2026-09-03T21:13:17.195+00:00"
"SM. Citron zest";"1664";"g";"-17189.46";"YASMINA BENATTABOU";"2026-09-02T11:53:53.57+00:00";"2026-09-03T21:13:17.195+00:00"
"SM. Citron liquide";"4630";"g";"-44698.56";"YASMINA BENATTABOU";"2026-09-02T11:57:52.112+00:00";"2026-09-03T21:13:17.195+00:00"
"SM. creme amande";"1332";"g";"800";"YASMINA BENATTABOU";"2026-09-02T12:03:21.978+00:00";"2026-09-03T21:13:17.195+00:00"
"SM- Zest d'orange";"0";"g";"-1008";"YASMINA BENATTABOU";"2026-09-02T12:11:54.084+00:00";"2026-09-03T21:13:17.195+00:00"
"MP- Purée de Mangue";"11000";"g";"-19365.1";"YASMINA BENATTABOU";"2026-09-02T12:20:58.121+00:00";"2026-09-03T21:13:17.195+00:00"
"MP- Purée d'Ananas";"16000";"g";"11473.32";"YASMINA BENATTABOU";"2026-09-02T12:21:58.664+00:00";"2026-09-03T21:13:17.195+00:00"
"MP- Purée de Passion";"3000";"g";"33936.02";"YASMINA BENATTABOU";"2026-09-02T12:22:04.868+00:00";"2026-09-03T21:13:17.195+00:00"
"MP- Purée de Fraise";"0";"g";"5879.12";"YASMINA BENATTABOU";"2026-09-02T12:22:32.401+00:00";"2026-09-03T21:13:17.195+00:00"
"MP- Purée de Citron Vert";"0";"g";"2000";"YASMINA BENATTABOU";"2026-09-02T12:22:34.936+00:00";"2026-09-03T21:13:17.195+00:00"
"MP- Purée de Citron Jaune";"0";"g";"8000";"YASMINA BENATTABOU";"2026-09-02T12:22:51.22+00:00";"2026-09-03T21:13:17.195+00:00"
"MP- Purée de Myrtille";"0";"g";"5000";"YASMINA BENATTABOU";"2026-09-02T12:26:37.285+00:00";"2026-09-03T21:13:17.195+00:00"
"SM Ghriba Behla";"0";"g";"25560";"YASMINA BENATTABOU";"2026-09-02T12:27:00.818+00:00";"2026-09-03T21:13:17.195+00:00"
"SM-Pr Suprême amande version Maatouk";"0";"Units";"0";"YASMINA BENATTABOU";"2026-09-03T09:45:22.991+00:00";"2026-09-03T21:13:17.195+00:00"
"SM-Suprême amande version Maatouk";"0";"Units";"0";"YASMINA BENATTABOU";"2026-09-03T09:45:30.904+00:00";"2026-09-03T21:13:17.195+00:00"
"MP- mozzarella";"0";"kg";"0";"YASMINA BENATTABOU";"2026-09-03T09:47:43.163+00:00";"2026-09-03T21:13:17.195+00:00"
"MP- Chocolat Callebaut Couverture Lait";"7.429";"kg";"4.93";"YASMINA BENATTABOU";"2026-09-03T11:30:31.126+00:00";"2026-09-03T21:13:17.195+00:00"
"SM. crème frangipane";"0";"g";"0";"YASMINA BENATTABOU";"2026-09-03T10:58:40.608+00:00";"2026-09-03T21:13:17.195+00:00"
"SM-Suprême Pistache version Maatouk";"0";"Units";"0";"YASMINA BENATTABOU";"2026-09-03T10:58:41.954+00:00";"2026-09-03T21:13:17.195+00:00"
"SM. Crème Pâtissière Croclair";"0";"kg";"0";"YASMINA BENATTABOU";"2026-09-03T10:58:43.832+00:00";"2026-09-03T21:13:17.195+00:00"
"SM. Mousse pistache maatouk";"0";"kg";"0";"YASMINA BENATTABOU";"2026-09-03T10:58:45.078+00:00";"2026-09-03T21:13:17.195+00:00"
"Sm.Mousse buche pistache 25";"0";"kg";"0";"YASMINA BENATTABOU";"2026-09-03T10:58:54.745+00:00";"2026-09-03T21:13:17.195+00:00"
"MP- Corps Creux";"0";"Units";"0";"YASMINA BENATTABOU";"2026-09-03T11:00:12.191+00:00";"2026-09-03T21:13:17.195+00:00"
"MP- Riz";"0";"kg";"-0.74";"YASMINA BENATTABOU";"2026-09-03T11:00:21.446+00:00";"2026-09-03T21:13:17.195+00:00"
"MP- Safran";"0";"g";"-46.38";"YASMINA BENATTABOU";"2026-09-03T11:00:31.133+00:00";"2026-09-03T21:13:17.195+00:00"
"SM- Riz au Lait";"0";"kg";"0";"YASMINA BENATTABOU";"2026-09-03T11:00:38.128+00:00";"2026-09-03T21:13:17.195+00:00"
"MP- Avoine";"0";"kg";"0";"YASMINA BENATTABOU";"2026-09-03T11:00:40.67+00:00";"2026-09-03T21:13:17.195+00:00"
"MP- Pavot";"0";"g";"-3141.59";"YASMINA BENATTABOU";"2026-09-03T11:00:42.119+00:00";"2026-09-03T21:13:17.195+00:00"
"MP- Delice";"0";"pack 2 kg";"0";"YASMINA BENATTABOU";"2026-09-03T11:01:03.663+00:00";"2026-09-03T21:13:17.195+00:00"
"MP- Gingembre en poudre";"0";"g";"0";"YASMINA BENATTABOU";"2026-09-03T11:01:07.369+00:00";"2026-09-03T21:13:17.195+00:00"
"MP- Pâte feuilletée achetée";"0";"Units";"0";"YASMINA BENATTABOU";"2026-09-03T11:01:19.553+00:00";"2026-09-03T21:13:17.195+00:00"
"SM Genoise Chocolat KG CD";"0";"g";"-4766.48";"YASMINA BENATTABOU";"2026-09-03T11:01:24.154+00:00";"2026-09-03T21:13:17.195+00:00"
"SM- 35 cm Vitrine (Citron)";"0";"Units";"0";"YASMINA BENATTABOU";"2026-09-03T11:01:48.265+00:00";"2026-09-03T21:13:17.195+00:00"
"SM Pate a sucre Melange CD*";"0";"g";"0";"YASMINA BENATTABOU";"2026-09-03T11:01:50.236+00:00";"2026-09-03T21:13:17.195+00:00"
"SM- 100% vanille indiv";"0";"Units";"0";"YASMINA BENATTABOU";"2026-09-03T11:01:51.613+00:00";"2026-09-03T21:13:17.195+00:00"
"SM- Babka";"0";"Units";"0";"YASMINA BENATTABOU";"2026-09-03T11:01:55.807+00:00";"2026-09-03T21:13:17.195+00:00"
"SM- Buche  passion framboise 10 pers  25";"0";"Units";"0";"YASMINA BENATTABOU";"2026-09-03T11:02:07.575+00:00";"2026-09-03T21:13:17.195+00:00"
"SM- Buche  passion framboise indiv  25";"0";"Units";"0";"YASMINA BENATTABOU";"2026-09-03T11:02:11.938+00:00";"2026-09-03T21:13:17.195+00:00"
"SM- Buche chocolat 10 pers 25";"0";"Units";"0";"YASMINA BENATTABOU";"2026-09-03T11:02:13.317+00:00";"2026-09-03T21:13:17.195+00:00"
"SM- Buche chocolat 5 pers 25";"0";"Units";"0";"YASMINA BENATTABOU";"2026-09-03T11:02:14.691+00:00";"2026-09-03T21:13:17.195+00:00"
"SM- Buche chocolat indiv 25";"0";"Units";"0";"YASMINA BENATTABOU";"2026-09-03T11:02:16.64+00:00";"2026-09-03T21:13:17.195+00:00"
"SM- Buche citron meringué 10 pers Prod 2024";"0";"Units";"0";"YASMINA BENATTABOU";"2026-09-03T11:02:17.826+00:00";"2026-09-03T21:13:17.195+00:00"
"SM- Buche citron meringué Indiv Prod 2024";"0";"Units";"0";"YASMINA BENATTABOU";"2026-09-03T11:02:21.021+00:00";"2026-09-03T21:13:17.195+00:00"
"SM- Buche noisette dulcey 10 pers 25";"0";"Units";"0";"YASMINA BENATTABOU";"2026-09-03T11:02:22.351+00:00";"2026-09-03T21:13:17.195+00:00"
"SM- Buche noisette dulcey 5 pers 25";"0";"Units";"0";"YASMINA BENATTABOU";"2026-09-03T11:02:23.479+00:00";"2026-09-03T21:13:17.195+00:00"
"SM- Buche noisette dulcey indiv 25";"0";"Units";"0";"YASMINA BENATTABOU";"2026-09-03T11:02:25.469+00:00";"2026-09-03T21:13:17.195+00:00"
"SM- Buche pistache 10 pers 25";"0";"Units";"0";"YASMINA BENATTABOU";"2026-09-03T11:02:26.616+00:00";"2026-09-03T21:13:17.195+00:00"
"SM- Buche pistache 5 pers 25";"0";"Units";"0";"YASMINA BENATTABOU";"2026-09-03T11:02:27.828+00:00";"2026-09-03T21:13:17.195+00:00"
"SM- Buche pistache indiv 25";"0";"Units";"0";"YASMINA BENATTABOU";"2026-09-03T11:02:29.513+00:00";"2026-09-03T21:13:17.195+00:00"
"SM- Buche Supreme 5 pers Prod 2024";"0";"Units";"0";"YASMINA BENATTABOU";"2026-09-03T11:02:40.952+00:00";"2026-09-03T21:13:17.195+00:00"
"SM- Buche Supreme Indiv Prod 2024";"0";"Units";"0";"YASMINA BENATTABOU";"2026-09-03T11:02:42.385+00:00";"2026-09-03T21:13:17.195+00:00"
"SM- cadre buche  cheese cake passion framboise";"0";"Units";"0";"YASMINA BENATTABOU";"2026-09-03T11:02:47.436+00:00";"2026-09-03T21:13:17.195+00:00"
"SM- cadre buche chocolat";"0";"Units";"0";"YASMINA BENATTABOU";"2026-09-03T11:02:49.698+00:00";"2026-09-03T21:13:17.195+00:00"
"SM- cadre buche noisette dulcey";"0";"Units";"0";"YASMINA BENATTABOU";"2026-09-03T11:02:50.998+00:00";"2026-09-03T21:13:17.195+00:00"
"SM- cadre buche pistache";"0";"Units";"0";"YASMINA BENATTABOU";"2026-09-03T11:03:09.54+00:00";"2026-09-03T21:13:17.195+00:00"
"SM- Cookies ch B";"0";"Units";"0";"YASMINA BENATTABOU";"2026-09-03T11:03:11.559+00:00";"2026-09-03T21:13:17.195+00:00"
"SM- Craquant pistache maatouk";"0";"kg";"0";"YASMINA BENATTABOU";"2026-09-03T11:03:15.621+00:00";"2026-09-03T21:13:17.195+00:00"
"SM- Farce Babka Nutella";"0";"g";"0";"YASMINA BENATTABOU";"2026-09-03T11:03:21.185+00:00";"2026-09-03T21:13:17.195+00:00"
"SM- flan vanille 20 cm";"0";"Units";"0";"YASMINA BENATTABOU";"2026-09-03T11:03:24.573+00:00";"2026-09-03T21:13:17.195+00:00"
"SM- Galette Frangipane Crue (6)";"0";"Units";"0";"YASMINA BENATTABOU";"2026-09-03T11:03:26.165+00:00";"2026-09-03T21:13:17.195+00:00"
"SM- Galette Praliné Noisette Crue (10)";"0";"Units";"0";"YASMINA BENATTABOU";"2026-09-03T11:03:28.707+00:00";"2026-09-03T21:13:17.195+00:00"
"Sm- Le Citron Framboise (1)";"0";"Units";"-5";"YASMINA BENATTABOU";"2026-09-03T11:04:42.892+00:00";"2026-09-03T21:13:17.195+00:00"
"SM- Mini Browcookie";"0";"Units";"0";"YASMINA BENATTABOU";"2026-09-03T11:04:44.667+00:00";"2026-09-03T21:13:17.195+00:00"
"SM- mini Fond de tarte cacao";"0";"Units";"0";"YASMINA BENATTABOU";"2026-09-03T11:04:47.161+00:00";"2026-09-03T21:13:17.195+00:00"
"SM- mini Fond de tarte nature";"0";"Units";"0";"YASMINA BENATTABOU";"2026-09-03T11:04:49.229+00:00";"2026-09-03T21:13:17.195+00:00"
"SM- Paton Buche citron production";"0";"Units";"0";"YASMINA BENATTABOU";"2026-09-03T11:04:50.755+00:00";"2026-09-03T21:13:17.195+00:00"
"SM- Paton buche supreme";"0";"Units";"0";"YASMINA BENATTABOU";"2026-09-03T11:04:51.919+00:00";"2026-09-03T21:13:17.195+00:00"
"SM- Pr Buche  passion framboise 5 pers 25";"0";"Units";"0";"YASMINA BENATTABOU";"2026-09-03T11:04:56.772+00:00";"2026-09-03T21:13:17.195+00:00"
"SM- Pr Buche  passion framboise indiv  25";"0";"Units";"0";"YASMINA BENATTABOU";"2026-09-03T11:04:58.381+00:00";"2026-09-03T21:13:17.195+00:00"
"SM- Pr Buche chocolat 10 pers 25";"0";"Units";"0";"YASMINA BENATTABOU";"2026-09-03T11:05:00.005+00:00";"2026-09-03T21:13:17.195+00:00"
"SM- Pr Buche chocolat 5 pers 25";"0";"Units";"0";"YASMINA BENATTABOU";"2026-09-03T11:05:01.23+00:00";"2026-09-03T21:13:17.195+00:00"
"SM- Pr Buche chocolat indiv 25";"0";"Units";"0";"YASMINA BENATTABOU";"2026-09-03T11:05:02.534+00:00";"2026-09-03T21:13:17.195+00:00"
"SM- Pr Buche noisette dulcey 10 pers 25";"0";"Units";"0";"YASMINA BENATTABOU";"2026-09-03T11:05:03.767+00:00";"2026-09-03T21:13:17.195+00:00"
"Sm- Muffin Chocolat";"0";"Units";"11";"YASMINA BENATTABOU";"2026-09-03T11:05:39.964+00:00";"2026-09-03T21:13:17.195+00:00"
"Sm- Pr tarte cbs 18 cm";"3";"Units";"4";"YASMINA BENATTABOU";"2026-09-03T11:09:27.216+00:00";"2026-09-03T21:13:17.195+00:00"
"Sm- Pr tarte cbs indiv";"43";"Units";"43";"YASMINA BENATTABOU";"2026-09-03T11:09:40.221+00:00";"2026-09-03T21:13:17.195+00:00"
"MP- Pâte Viennoiserie achetée";"0";"Units";"400";"YASMINA BENATTABOU";"2026-09-03T11:10:09.607+00:00";"2026-09-03T21:13:17.195+00:00"
"MP- Biscuit digestive";"4.4";"kg";"22.49";"YASMINA BENATTABOU";"2026-09-03T11:15:42.415+00:00";"2026-09-03T21:13:17.195+00:00"
"SM. Mousse pistache";"0";"g";"0";"YASMINA BENATTABOU";"2026-09-03T11:31:16.964+00:00";"2026-09-03T21:13:17.195+00:00"
"SM- Paris brest cuits  production";"32";"Units";"32";"YASMINA BENATTABOU";"2026-09-03T11:11:40.135+00:00";"2026-09-03T21:13:17.195+00:00"
"MP- Coriandre moulue";"0";"Units";"3";"YASMINA BENATTABOU";"2026-09-03T11:13:30.733+00:00";"2026-09-03T21:13:17.195+00:00"
"MP- Canelle";"0";"g";"4028.84";"YASMINA BENATTABOU";"2026-09-03T11:13:35.963+00:00";"2026-09-03T21:13:17.195+00:00"
"SM- Pr Buche pistache 5 pers 25";"0";"Units";"0";"YASMINA BENATTABOU";"2026-09-03T11:31:00.021+00:00";"2026-09-03T21:13:17.195+00:00"
"SM-Daquoise Individuelle";"0";"Units";"0";"YASMINA BENATTABOU";"2026-09-03T11:33:39.424+00:00";"2026-09-03T21:13:17.195+00:00"
"SM. Biscuit buche noisette 25";"0";"kg";"0";"YASMINA BENATTABOU";"2026-09-03T11:33:45.205+00:00";"2026-09-03T21:13:17.195+00:00"
"SM. biscuit vanille (100%) Indiv";"0";"Units";"0";"YASMINA BENATTABOU";"2026-09-03T11:33:56.497+00:00";"2026-09-03T21:13:17.195+00:00"
"SM. Ganache cremeuse rocher";"0";"g";"0";"YASMINA BENATTABOU";"2026-09-03T11:34:59.261+00:00";"2026-09-03T21:13:17.195+00:00"
"MP- Multigrains";"0";"g";"25155.15";"YASMINA BENATTABOU";"2026-09-03T11:13:33.26+00:00";"2026-09-03T21:13:17.195+00:00"
"MP- Anis";"0";"g";"1496.28";"YASMINA BENATTABOU";"2026-09-03T11:13:37.279+00:00";"2026-09-03T21:13:17.195+00:00"
"MP- Cacao Extra rouge";"3";"kg";"22.78";"YASMINA BENATTABOU";"2026-09-03T11:15:54.857+00:00";"2026-09-03T21:13:17.195+00:00"
"MP- Farine";"20";"kg";"11924.25";"YASMINA BENATTABOU";"2026-09-03T11:18:13.536+00:00";"2026-09-03T21:13:17.195+00:00"
"MP- Arôme Amer";"0";"g";"577.08";"YASMINA BENATTABOU";"2026-09-03T11:19:26.941+00:00";"2026-09-03T21:13:17.195+00:00"
"SM. Crémeux pistache";"0";"g";"0";"YASMINA BENATTABOU";"2026-09-03T11:31:12.717+00:00";"2026-09-03T21:13:17.195+00:00"
"MP- Donut nature";"0";"Units";"0";"YASMINA BENATTABOU";"2026-09-03T11:32:56.339+00:00";"2026-09-03T21:13:17.195+00:00"
"SM. Creme au beurre Vanille Production vitrine";"0";"g";"0";"YASMINA BENATTABOU";"2026-09-03T11:34:15.848+00:00";"2026-09-03T21:13:17.195+00:00"
"SM. creme patissiere vitrine Production";"0";"g";"0";"YASMINA BENATTABOU";"2026-09-03T11:34:23.425+00:00";"2026-09-03T21:13:17.195+00:00"
"SM. glacage buche noisette";"0";"g";"0";"YASMINA BENATTABOU";"2026-09-03T11:35:03.993+00:00";"2026-09-03T21:13:17.195+00:00"
"SM. Mini sablé noel";"0";"kg";"0";"YASMINA BENATTABOU";"2026-09-03T11:35:33.291+00:00";"2026-09-03T21:13:17.195+00:00"
"MP- Cacahuètes";"0";"g";"24033.53";"YASMINA BENATTABOU";"2026-09-03T11:13:39.794+00:00";"2026-09-03T21:13:17.195+00:00"
"MP- Amandes Effilees";"1";"kg";"9";"YASMINA BENATTABOU";"2026-09-03T11:14:34.917+00:00";"2026-09-03T21:13:17.195+00:00"
"MP- Mixo";"1.514";"kg";"20.99";"YASMINA BENATTABOU";"2026-09-03T11:16:33.395+00:00";"2026-09-03T21:13:17.195+00:00"
"MP- Amandes Hachees";"3";"kg";"40.35";"YASMINA BENATTABOU";"2026-09-03T11:14:57.407+00:00";"2026-09-03T21:13:17.195+00:00"
"MP- Grue de Cacao";"0";"kg";"1.6";"YASMINA BENATTABOU";"2026-09-03T11:18:05.026+00:00";"2026-09-03T21:13:17.195+00:00"
"MP- Tagatesse";"3";"kg";"-256";"YASMINA BENATTABOU";"2026-09-03T11:21:47.242+00:00";"2026-09-03T21:13:17.195+00:00"
"MP- Glucose";"6.701";"kg";"-1008.2";"YASMINA BENATTABOU";"2026-09-03T11:28:55.517+00:00";"2026-09-03T21:13:17.195+00:00"
"MP- Chocolat Callebaut Couverture Noir";"8.606";"kg";"5.61";"YASMINA BENATTABOU";"2026-09-03T11:30:19.725+00:00";"2026-09-03T21:13:17.195+00:00"
"SM. Farce Kunafa Pistache 2026";"0";"kg";"0";"YASMINA BENATTABOU";"2026-09-03T11:31:14.511+00:00";"2026-09-03T21:13:17.195+00:00"
"SM- Rocher créme";"0";"Units";"0";"YASMINA BENATTABOU";"2026-09-03T11:33:27.78+00:00";"2026-09-03T21:13:17.195+00:00"
"SM-mini Daquoise";"0";"Units";"0";"YASMINA BENATTABOU";"2026-09-03T11:33:40.964+00:00";"2026-09-03T21:13:17.195+00:00"
"SM. creme patissiere vitrine Finition";"0";"g";"0";"YASMINA BENATTABOU";"2026-09-03T11:34:21.169+00:00";"2026-09-03T21:13:17.195+00:00"
"SM. cremeux chocolat buche 25";"0";"kg";"0";"YASMINA BENATTABOU";"2026-09-03T11:34:26.187+00:00";"2026-09-03T21:13:17.195+00:00"
"SM. crunchy amandes dome";"0";"g";"0";"YASMINA BENATTABOU";"2026-09-03T11:34:41.431+00:00";"2026-09-03T21:13:17.195+00:00"
"SM. Ganache Chocolat Foret noir";"0";"g";"0";"YASMINA BENATTABOU";"2026-09-03T11:34:56.541+00:00";"2026-09-03T21:13:17.195+00:00"
"SM. Glacage gourmand Finition";"0";"g";"0";"YASMINA BENATTABOU";"2026-09-03T11:35:17.02+00:00";"2026-09-03T21:13:17.195+00:00"
"SM. mini cheese cake aromatisé (Mangue/Passion)";"0";"Units";"0";"YASMINA BENATTABOU";"2026-09-03T11:35:31.558+00:00";"2026-09-03T21:13:17.195+00:00"
"SM. Mousse cheese passion";"0";"kg";"0";"YASMINA BENATTABOU";"2026-09-03T11:35:35.904+00:00";"2026-09-03T21:13:17.195+00:00"
"SM. Mousse chocolat buche 25";"0";"kg";"0";"YASMINA BENATTABOU";"2026-09-03T11:35:38.056+00:00";"2026-09-03T21:13:17.195+00:00"
"SM- Pr Buche pistache 10 pers 25";"0";"Units";"0";"YASMINA BENATTABOU";"2026-09-03T11:30:58.554+00:00";"2026-09-03T21:13:17.195+00:00"
"SM- Pr Buche pistache indiv 25";"0";"Units";"0";"YASMINA BENATTABOU";"2026-09-03T11:31:02.823+00:00";"2026-09-03T21:13:17.195+00:00"
"SM- Royal Chocolat 15 cm";"0";"Units";"0";"YASMINA BENATTABOU";"2026-09-03T11:33:31.814+00:00";"2026-09-03T21:13:17.195+00:00"
"SM. cremeux framboise buche 25";"0";"kg";"0";"YASMINA BENATTABOU";"2026-09-03T11:34:31.509+00:00";"2026-09-03T21:13:17.195+00:00"
"SM. Ganache Gold";"0";"g";"0";"YASMINA BENATTABOU";"2026-09-03T11:35:01.674+00:00";"2026-09-03T21:13:17.195+00:00"
"SM. Biscuit a la cuillere 5 pers";"0";"Units";"0";"YASMINA BENATTABOU";"2026-09-03T12:07:28.216+00:00";"2026-09-03T21:13:17.195+00:00"
"SM- Tiramisu indiv";"35";"Units";"35";"YASMINA BENATTABOU";"2026-09-02T07:32:45.445+00:00";"2026-09-03T21:13:17.195+00:00"
"SMSu- Quiche Khlii";"0";"Units";"-1";"YASMINA BENATTABOU";"2026-09-02T07:36:37.423+00:00";"2026-09-03T21:13:17.195+00:00"
"SM- Tatin Indiv";"102";"Units";"104";"YASMINA BENATTABOU";"2026-09-02T07:38:25.527+00:00";"2026-09-03T21:13:17.195+00:00"
"SM. Biscuit amande gingembre";"0";"g";"7605";"YASMINA BENATTABOU";"2026-09-02T07:42:40.685+00:00";"2026-09-03T21:13:17.195+00:00"
"SM- Fond de tarte nature 18 cm";"10";"Units";"11";"YASMINA BENATTABOU";"2026-09-02T15:07:08.094+00:00";"2026-09-03T21:13:17.195+00:00"
"SM. Brownie buche 25";"0";"kg";"0";"YASMINA BENATTABOU";"2026-09-03T11:34:03.826+00:00";"2026-09-03T21:13:17.195+00:00"
"SM. caramel beurre sale buche caramel pecan";"0";"g";"0";"YASMINA BENATTABOU";"2026-09-03T11:34:06.372+00:00";"2026-09-03T21:13:17.195+00:00"
"SM. cookie du browcookie";"0";"g";"0";"YASMINA BENATTABOU";"2026-09-03T11:34:10.446+00:00";"2026-09-03T21:13:17.195+00:00"
"SM. Creme patissiere Angelo production";"0";"g";"0";"YASMINA BENATTABOU";"2026-09-03T11:34:18.368+00:00";"2026-09-03T21:13:17.195+00:00"
"SM. cremeux noisette buche 25";"0";"kg";"0";"YASMINA BENATTABOU";"2026-09-03T11:34:33.981+00:00";"2026-09-03T21:13:17.195+00:00"
"SM. Crunchy feuilletine 25";"0";"kg";"0";"YASMINA BENATTABOU";"2026-09-03T11:34:43.616+00:00";"2026-09-03T21:13:17.195+00:00"
"SM. Farce Cigare amande gingembre";"0";"kg";"0";"YASMINA BENATTABOU";"2026-09-03T11:34:48.665+00:00";"2026-09-03T21:13:17.195+00:00"
"SM. Farce Cigare amande orange";"0";"kg";"0";"YASMINA BENATTABOU";"2026-09-03T11:34:54.453+00:00";"2026-09-03T21:13:17.195+00:00"
"SM. glacage chocolat noir (cake cbs) Finition";"0";"g";"0";"YASMINA BENATTABOU";"2026-09-03T11:35:14.539+00:00";"2026-09-03T21:13:17.195+00:00"
"SM. glacage supreme maatok";"0";"g";"0";"YASMINA BENATTABOU";"2026-09-03T11:35:19.895+00:00";"2026-09-03T21:13:17.195+00:00"
"SM. mousse dulcey buche noisette 25";"0";"kg";"0";"YASMINA BENATTABOU";"2026-09-03T11:35:39.72+00:00";"2026-09-03T21:13:17.195+00:00"
"SM. mousse meringue citron (kg)";"0";"kg";"0";"YASMINA BENATTABOU";"2026-09-03T11:35:45.712+00:00";"2026-09-03T21:13:17.195+00:00"
"SM. Pate a choux au kg";"0";"g";"0";"YASMINA BENATTABOU";"2026-09-03T11:35:49.619+00:00";"2026-09-03T21:13:17.195+00:00"
"SM. Pâte Chebakia";"0";"kg";"0";"YASMINA BENATTABOU";"2026-09-03T11:35:51.213+00:00";"2026-09-03T21:13:17.195+00:00"
"SM. Praliné Maison";"0";"g";"0";"YASMINA BENATTABOU";"2026-09-03T11:35:52.727+00:00";"2026-09-03T21:13:17.195+00:00"
"SM.Dattes farcies";"0";"kg";"0";"YASMINA BENATTABOU";"2026-09-03T11:44:16.068+00:00";"2026-09-03T21:13:17.195+00:00"
"SM.Nappage buche 25";"0";"kg";"0";"YASMINA BENATTABOU";"2026-09-03T11:44:19.265+00:00";"2026-09-03T21:13:17.195+00:00"
"SM- Micro Croissants";"0";"Units";"0";"YASMINA BENATTABOU";"2026-09-03T11:44:26.206+00:00";"2026-09-03T21:13:17.195+00:00"
"SM. Micro Pain au chocolat";"0";"Units";"0";"YASMINA BENATTABOU";"2026-09-03T11:44:27.556+00:00";"2026-09-03T21:13:17.195+00:00"
"SM. Micro Pain aux raisins";"0";"Units";"0";"YASMINA BENATTABOU";"2026-09-03T11:44:28.839+00:00";"2026-09-03T21:13:17.195+00:00"
"SM. pate a brioche";"0";"g";"0";"YASMINA BENATTABOU";"2026-09-03T11:44:35.233+00:00";"2026-09-03T21:13:17.195+00:00"
"SM. Pate a Brioche feuillete";"0";"g";"0";"YASMINA BENATTABOU";"2026-09-03T11:44:37.482+00:00";"2026-09-03T21:13:17.195+00:00"
"SM. vanille cremeux PLAQUE en unité (100%) Production";"0";"Units";"0";"YASMINA BENATTABOU";"2026-09-03T11:46:06.494+00:00";"2026-09-03T21:13:17.195+00:00"
"SM. chantilly mascarpone Production";"0";"g";"0";"YASMINA BENATTABOU";"2026-09-03T11:46:12.084+00:00";"2026-09-03T21:13:17.195+00:00"
"SM- 30 cm Vitrine (Praliné Amandes caramélisées)";"0";"Units";"0";"YASMINA BENATTABOU";"2026-09-03T11:46:53.159+00:00";"2026-09-03T21:13:17.195+00:00"
"SM- Dome mignardise";"0";"Units";"0";"YASMINA BENATTABOU";"2026-09-03T11:47:10.959+00:00";"2026-09-03T21:13:17.195+00:00"
"SM- Tatin 20cm";"0";"Units";"0";"YASMINA BENATTABOU";"2026-09-03T11:47:36.243+00:00";"2026-09-03T21:13:17.195+00:00"
"SM- Gianduja indiv";"0";"Units";"0";"YASMINA BENATTABOU";"2026-09-03T11:47:38.826+00:00";"2026-09-03T21:13:17.195+00:00"
"Sm- Pr Gianduja indiv";"0";"Units";"0";"YASMINA BENATTABOU";"2026-09-03T11:48:23.513+00:00";"2026-09-03T21:13:17.195+00:00"
"Sm.crunchy gianduja 10 pers/ U";"10";"Units";"10";"YASMINA BENATTABOU";"2026-09-03T11:58:25.404+00:00";"2026-09-03T21:13:17.195+00:00"
"Sm. crunchy gianduja indiv pers/ U";"206";"Units";"206";"YASMINA BENATTABOU";"2026-09-03T11:58:36.99+00:00";"2026-09-03T21:13:17.195+00:00"
"Sm- PR Le Citron Framboise (10)";"4";"Units";"4";"YASMINA BENATTABOU";"2026-09-03T11:59:39.806+00:00";"2026-09-03T21:13:17.195+00:00"
"Sm- PR Le Citron Framboise (1)";"0";"Units";"1";"YASMINA BENATTABOU";"2026-09-03T11:59:58.099+00:00";"2026-09-03T21:13:17.195+00:00"
"Sm- Le Citron Framboise (5)";"9";"Units";"9";"YASMINA BENATTABOU";"2026-09-03T12:00:02.395+00:00";"2026-09-03T21:13:17.195+00:00"
"Sm- Le Citron Framboise (10)";"4";"Units";"4";"YASMINA BENATTABOU";"2026-09-03T12:00:06.255+00:00";"2026-09-03T21:13:17.195+00:00"
"SM. Biscuit pistache  10 pers";"14";"Units";"14";"YASMINA BENATTABOU";"2026-09-03T12:00:45.923+00:00";"2026-09-03T21:13:17.195+00:00"
"SM. Biscuit pistache Indiv";"58";"Units";"58";"YASMINA BENATTABOU";"2026-09-03T12:00:49.719+00:00";"2026-09-03T21:13:17.195+00:00"
"SM. Biscuit a la cuillere 10 pers";"2";"Units";"2";"YASMINA BENATTABOU";"2026-09-03T12:01:12.346+00:00";"2026-09-03T21:13:17.195+00:00"
"Sm. crunchy Pistache indiv pers";"151";"Units";"151";"YASMINA BENATTABOU";"2026-09-03T12:01:51.66+00:00";"2026-09-03T21:13:17.195+00:00"
"SM. crunchy pistache";"1800";"g";"1800";"YASMINA BENATTABOU";"2026-09-03T12:01:55.958+00:00";"2026-09-03T21:13:17.195+00:00"
"SM. Confit exotique Production";"1188";"kg";"1.19";"YASMINA BENATTABOU";"2026-09-03T12:03:28.37+00:00";"2026-09-03T21:13:17.195+00:00"
"SM. Crème légère vanille citron";"1284";"g";"1284";"YASMINA BENATTABOU";"2026-09-03T12:04:30+00:00";"2026-09-03T21:13:17.195+00:00"
"SM- 30 cm Vitrine (Citron)";"0";"Units";"0";"YASMINA BENATTABOU";"2026-09-03T12:05:48.409+00:00";"2026-09-03T21:13:17.195+00:00"
"SM- base flan vanille 20 cm";"0";"Units";"0";"YASMINA BENATTABOU";"2026-09-03T12:05:50.42+00:00";"2026-09-03T21:13:17.195+00:00"
"Sm- Biscuit Tagatesse";"0.806";"kg";"-0.77";"YASMINA BENATTABOU";"2026-09-03T12:07:04.672+00:00";"2026-09-03T21:13:17.195+00:00"
"SM. Biscuit brownie 10 pers";"0";"Units";"0";"YASMINA BENATTABOU";"2026-09-03T12:07:29.581+00:00";"2026-09-03T21:13:17.195+00:00"
"SM. Biscuit brownie 5 pers";"0";"Units";"0";"YASMINA BENATTABOU";"2026-09-03T12:07:32.484+00:00";"2026-09-03T21:13:17.195+00:00"
"SM. Biscuit chocolat Gianduja Indiv";"0";"Units";"0";"YASMINA BENATTABOU";"2026-09-03T12:07:36.872+00:00";"2026-09-03T21:13:17.195+00:00"
"SM. Creme au beurre citron Production";"0";"g";"0";"YASMINA BENATTABOU";"2026-09-03T12:07:41.458+00:00";"2026-09-03T21:13:17.195+00:00"
"SM. crunchy GIANDUJA";"0";"kg";"0";"YASMINA BENATTABOU";"2026-09-03T12:07:45.982+00:00";"2026-09-03T21:13:17.195+00:00"
"SM. mousse meringue citron 10 pers";"0";"Units";"0";"YASMINA BENATTABOU";"2026-09-03T12:07:53.847+00:00";"2026-09-03T21:13:17.195+00:00"
"SM. Sable Crispy Unité";"0";"Units";"0";"YASMINA BENATTABOU";"2026-09-03T12:07:58.513+00:00";"2026-09-03T21:13:17.195+00:00"
"Sm.crunchy pistache  10 pers";"0";"Units";"0";"YASMINA BENATTABOU";"2026-09-03T12:08:19.409+00:00";"2026-09-03T21:13:17.195+00:00"
"SM. Mini cakes PRALINE";"44";"cl";"465";"YASMINA BENATTABOU";"2026-09-02T09:14:39.797+00:00";"2026-09-03T21:13:17.195+00:00"
"SM.meringue déco buche 25";"0";"kg";"3.07";"YASMINA BENATTABOU";"2026-09-02T09:30:26.801+00:00";"2026-09-03T21:13:17.195+00:00"
"MP- Chocolat Macao Blanc";"0";"kg";"149.26";"YASMINA BENATTABOU";"2026-09-02T09:33:16.622+00:00";"2026-09-03T21:13:17.195+00:00"
"SM. Chocolat sellou caramel croustillant";"0";"kg";"-8.4";"YASMINA BENATTABOU";"2026-09-02T09:37:37.391+00:00";"2026-09-03T21:13:17.195+00:00"
"SM. Biscuit vieniess cacao";"2";"Units";"16";"YASMINA BENATTABOU";"2026-09-02T09:54:55.773+00:00";"2026-09-03T21:13:17.195+00:00"
"SM. creme patissiere citron finition";"0";"g";"640";"YASMINA BENATTABOU";"2026-09-02T09:55:58.757+00:00";"2026-09-03T21:13:17.195+00:00"
"MP- Purée de Coco";"2000";"g";"3877.5";"YASMINA BENATTABOU";"2026-09-02T12:22:29.279+00:00";"2026-09-03T21:13:17.195+00:00"
"MP- Chapelure";"0";"kg";"0";"YASMINA BENATTABOU";"2026-09-03T11:00:17.032+00:00";"2026-09-03T21:13:17.195+00:00"
"MP- Eau robinet";"200000";"g";"-3676146.36";"YASMINA BENATTABOU";"2026-09-03T11:01:34.92+00:00";"2026-09-03T21:13:17.195+00:00"
"SM- Pr Buche  passion framboise 10 pers  25";"0";"Units";"0";"YASMINA BENATTABOU";"2026-09-03T11:04:54.647+00:00";"2026-09-03T21:13:17.195+00:00"
"SM- Brioche FEUILLETE";"0";"Units";"0";"YASMINA BENATTABOU";"2026-09-03T11:44:23.428+00:00";"2026-09-03T21:13:17.195+00:00"
"MP- Nutella";"0";"kg";"0.91";"YASMINA BENATTABOU";"2026-09-02T09:34:34.744+00:00";"2026-09-03T21:13:17.195+00:00"
"MP- Margarine Bonna";"0";"kg";"40";"YASMINA BENATTABOU";"2026-09-02T09:35:20.68+00:00";"2026-09-03T21:13:17.195+00:00"
"SM Fourrage nougat CD";"0";"g";"-3543";"YASMINA BENATTABOU";"2026-09-02T09:36:10.335+00:00";"2026-09-03T21:13:17.195+00:00"
"SM- Cigare amande Orange";"0";"Units";"1030";"YASMINA BENATTABOU";"2026-09-02T09:37:19.043+00:00";"2026-09-03T21:13:17.195+00:00"
"SM. gélée mangue ananas pistache";"0";"g";"85";"YASMINA BENATTABOU";"2026-09-02T09:57:48.209+00:00";"2026-09-03T21:13:17.195+00:00"
"SM. Cremeux pistache indiv Production";"66";"Units";"66";"YASMINA BENATTABOU";"2026-09-02T10:19:08.564+00:00";"2026-09-03T21:13:17.195+00:00"
"MP- Noix de Coco rapée";"0";"kg";"0.75";"YASMINA BENATTABOU";"2026-09-02T10:41:26.594+00:00";"2026-09-03T21:13:17.195+00:00"
"MP- Batons Chocolat Valrhonna 48%";"0";"kg";"22.47";"YASMINA BENATTABOU";"2026-09-02T12:26:30.813+00:00";"2026-09-03T21:13:17.195+00:00"
"SM-Pr Suprême Pistache version Maatouk";"0";"Units";"0";"YASMINA BENATTABOU";"2026-09-03T09:45:27.198+00:00";"2026-09-03T21:13:17.195+00:00"
"SM- DIY Sablés Halloween";"0";"Units";"0";"YASMINA BENATTABOU";"2026-09-03T09:47:45.748+00:00";"2026-09-03T21:13:17.195+00:00"
"SM- Buche  passion framboise 5 pers 25";"0";"Units";"0";"YASMINA BENATTABOU";"2026-09-03T11:02:08.75+00:00";"2026-09-03T21:13:17.195+00:00"
"SM- Craquant buche  pistache 25";"0";"kg";"0";"YASMINA BENATTABOU";"2026-09-03T11:03:13.383+00:00";"2026-09-03T21:13:17.195+00:00"
"SM- Pr Buche noisette dulcey 5 pers 25";"0";"Units";"0";"YASMINA BENATTABOU";"2026-09-03T11:05:12.944+00:00";"2026-09-03T21:13:17.195+00:00"
"SM. mini cheese cake aromatisé (Fruits Rouges)";"0";"Units";"0";"YASMINA BENATTABOU";"2026-09-03T11:35:29.851+00:00";"2026-09-03T21:13:17.195+00:00"
"SM- Pr Cheesecake Exotique indiv";"0";"Units";"0";"YASMINA BENATTABOU";"2026-09-03T11:48:07.896+00:00";"2026-09-03T21:13:17.195+00:00"
"SM. Subleme fromage  passion";"1065";"g";"1067.4";"Layla";"2026-09-07T10:52:01.716+00:00";"2026-09-03T21:13:17.195+00:00"
"SMT. creme patissiere citron ";"0";"g";"480";"YASMINA BENATTABOU";"2026-09-02T09:48:28.954+00:00";"2026-09-03T21:13:17.195+00:00"
"SM. Namlaka Pistache";"0";"g";"752";"YASMINA BENATTABOU";"2026-09-02T09:49:16.714+00:00";"2026-09-03T21:13:17.195+00:00"
"SM. gélée mangue ananas pistache indiv";"36";"Units";"33";"YASMINA BENATTABOU";"2026-09-02T15:07:07.555+00:00";"2026-09-03T21:13:17.195+00:00"
"SM. sirop Imbibage production KG";"1.115";"kg";"11.6";"YASMINA BENATTABOU";"2026-09-02T10:00:37.075+00:00";"2026-09-03T21:13:17.195+00:00"
"SM. crumble gianduja";"0";"g";"-27";"YASMINA BENATTABOU";"2026-09-02T10:29:41.989+00:00";"2026-09-03T21:13:17.195+00:00"
"MP- Chocolat blanc Zephyr";"0";"kg";"120";"YASMINA BENATTABOU";"2026-09-02T12:26:08.524+00:00";"2026-09-03T21:13:17.195+00:00"
"SM- Tube crémeux citron";"0";"Units";"0";"YASMINA BENATTABOU";"2026-09-03T10:58:38.996+00:00";"2026-09-03T21:13:17.195+00:00"
"MP- Sésame Blanc";"0";"g";"-17854.7";"YASMINA BENATTABOU";"2026-09-03T11:01:01.872+00:00";"2026-09-03T21:13:17.195+00:00"
"SM. Biscuit chocolat Gianduja 10 pers";"0";"Units";"0";"YASMINA BENATTABOU";"2026-09-03T11:33:47.842+00:00";"2026-09-03T21:13:17.195+00:00"
"SM. Biscuit vieness blanc";"0";"Units";"0";"YASMINA BENATTABOU";"2026-09-03T11:33:59.075+00:00";"2026-09-03T21:13:17.195+00:00"
"SM. Farce Chebakia";"0";"kg";"0";"YASMINA BENATTABOU";"2026-09-03T11:34:46.854+00:00";"2026-09-03T21:13:17.195+00:00"
"SM. Subleme passion baba";"0";"g";"0";"YASMINA BENATTABOU";"2026-09-03T11:46:02.088+00:00";"2026-09-03T21:13:17.195+00:00"
"Sm- PR Le Citron Framboise (5)";"2";"Units";"2";"YASMINA BENATTABOU";"2026-09-03T11:59:50.169+00:00";"2026-09-03T21:13:17.195+00:00"
"SM. Biscuit a la cuillere Indiv";"59";"Units";"59";"YASMINA BENATTABOU";"2026-09-03T12:01:16.47+00:00";"2026-09-03T21:13:17.195+00:00"
"SM- Tarte citron gin Indiv";"0";"Units";"0";"YASMINA BENATTABOU";"2026-09-03T12:07:25.799+00:00";"2026-09-03T21:13:17.195+00:00"
"SM. Glacage chocolat GIANDUJA Finition";"0";"g";"0";"YASMINA BENATTABOU";"2026-09-03T12:07:51.279+00:00";"2026-09-03T21:13:17.195+00:00"
"SM- 25 cm Vitrine (Praliné Amandes caramélisées)";"4";"Units";"3";"Layla";"2026-09-07T10:51:35.438+00:00";"2026-09-03T21:13:17.195+00:00"
"MP- Chocolat Valrhona Ivoire 35%";"3.233";"kg";"13.96";"YASMINA BENATTABOU";"2026-09-02T10:05:41.209+00:00";"2026-09-03T21:13:17.195+00:00"
"MP- Chocolat Callebaut Couverture Blanc";"4.749";"kg";"83.7";"YASMINA BENATTABOU";"2026-09-02T10:07:09.702+00:00";"2026-09-03T21:13:17.195+00:00"
"MP- Bombe Crème Chantilly";"0";"Units";"8";"YASMINA BENATTABOU";"2026-09-02T10:42:01.416+00:00";"2026-09-03T21:13:17.195+00:00"
"SM/ beurre clarifie";"884";"g";"-33409.69";"YASMINA BENATTABOU";"2026-09-02T10:52:04.029+00:00";"2026-09-03T21:13:17.195+00:00"
"MP- Purée de Framboise";"7000";"g";"-7688.6";"YASMINA BENATTABOU";"2026-09-02T12:20:35.131+00:00";"2026-09-03T21:13:17.195+00:00"
"SM. mousse meringue citron indiv";"101";"Units";"27";"YASMINA BENATTABOU";"2026-09-02T11:11:50.913+00:00";"2026-09-03T21:13:17.195+00:00"
"SM. Marmelade passion mangue";"0";"kg";"1.65";"YASMINA BENATTABOU";"2026-09-02T11:53:39.673+00:00";"2026-09-03T21:13:17.195+00:00"
"SM- Buche citron meringué 5 pers Prod 2024";"0";"Units";"0";"YASMINA BENATTABOU";"2026-09-03T11:02:19.102+00:00";"2026-09-03T21:13:17.195+00:00"
"SM- Buche supreme 10 pers Prod 2024";"0";"Units";"0";"YASMINA BENATTABOU";"2026-09-03T11:02:36.034+00:00";"2026-09-03T21:13:17.195+00:00"
"SM- Galette Praliné Noisette Crue (6)";"0";"Units";"0";"YASMINA BENATTABOU";"2026-09-03T11:04:37.477+00:00";"2026-09-03T21:13:17.195+00:00"